motif.name	name.universal	name.datasetspecific	overall.scale	TFchromVAR.ExpressionModule.Cor	TFexpress.ExpressionModule.Cor	TFchromVAR.ExpressionModule.Cor.Scale	TFexpress.ExpressionModule.Cor.Scale
MA1148.1	Ppara	Ppara	0.982608695652174	0.532967032967033	0.862637362637363	1	0.965217391304348
MA1533.1	Nr1i2	Nr1i2	0.927898550724638	0.423076923076923	0.813186813186813	0.916666666666667	0.939130434782609
MA1534.1	Nr1i3	Nr1i3	0.920833333333333	0.324175824175824	0.928571428571429	0.841666666666667	1
MA1148.1	Rxra	Rxra	0.904347826086957	0.532967032967033	0.565934065934066	1	0.808695652173913
MA1110.1	Nr1h4	Nr1h4	0.830072463768116	0.203296703296703	0.758241758241758	0.75	0.910144927536232
MA1151.1	Rorc	Rorc	0.826902173913044	0.263736263736264	0.659340659340659	0.795833333333333	0.857971014492754
MA0102.4	Cebpa	Cebpa	0.766757246376812	0.043956043956044	0.747252747252747	0.629166666666667	0.904347826086957
MA1146.1	Nr1h4	Nr1h4	0.765489130434783	0.032967032967033	0.758241758241758	0.620833333333333	0.910144927536232
MA0043.3	Hlf	Hlf	0.760235507246377	0.263736263736264	0.406593406593407	0.795833333333333	0.72463768115942
MA0796.1	Tgif1	Tgif1	0.755797101449275	0.225274725274725	0.445054945054945	0.766666666666666	0.744927536231884
MA1644.1	Nfyc	Nfyc	0.749094202898551	0.104395604395604	0.593406593406593	0.675	0.823188405797102
MA0843.1	Tef	Tef	0.748460144927536	0.186813186813187	0.472527472527473	0.7375	0.759420289855072
MA0019.1	Cebpa	Cebpa	0.745923913043478	-0.010989010989011	0.747252747252747	0.5875	0.904347826086957
MA0089.2	Nfe2l1	Nfe2l1	0.740307971014493	-0.021978021978022	0.741758241758242	0.579166666666666	0.901449275362319
MA0639.1	Dbp	Dbp	0.736865942028985	0.450549450549451	0.0494505494505495	0.9375	0.536231884057971
MA1539.1	Nr2f6	Nr2f6	0.735326086956522	0.236263736263736	0.351648351648352	0.775	0.695652173913043
MA0526.3	Usf2	Usf2	0.732971014492754	0.0274725274725275	0.642857142857143	0.616666666666667	0.849275362318841
MA0659.2	Mafg	Mafg	0.732608695652174	-0.0384615384615385	0.736263736263736	0.566666666666667	0.898550724637681
MA0062.3	Gabpa	Gabpa	0.727536231884058	0.00549450549450549	0.653846153846154	0.6	0.855072463768116
MA0025.2	Nfil3	Nfil3	0.724547101449275	0.230769230769231	0.318681318681319	0.770833333333333	0.678260869565217
MA0862.1	Gmeb2	Gmeb2	0.721557971014493	0.28021978021978	0.236263736263736	0.808333333333333	0.634782608695652
MA0122.3	Nkx3-2	Nkx3-2	0.719329348493768	0.0494505494505495	0.559545332201648	0.633333333333333	0.805325363654203
MA1146.1	Rxra	Rxra	0.714764492753623	0.032967032967033	0.565934065934066	0.620833333333333	0.808695652173913
MA0117.2	Mafb	Mafb	0.714039855072464	0.0769230769230769	0.5	0.654166666666667	0.773913043478261
MA0065.2	Rxra	Rxra	0.710597826086957	0.021978021978022	0.565934065934066	0.6125	0.808695652173913
MA0837.1	Cebpe	Cebpe	0.701358695652174	-0.120879120879121	0.736263736263736	0.504166666666667	0.898550724637681
MA0014.3	Pax5	Pax5	0.69770786454376	-0.120879120879121	0.722422673270299	0.504166666666667	0.891249062420853
MA0150.2	Nfe2l2	Nfe2l2	0.688586956521739	-0.00549450549450549	0.521978021978022	0.591666666666667	0.785507246376812
MA0592.3	Esrra	Esrra	0.686594202898551	-0.0604395604395604	0.593406593406593	0.55	0.823188405797102
MA0007.3	Ar	Ar	0.683605072463768	-0.0989010989010989	0.637362637362637	0.520833333333333	0.846376811594203
MA1575.1	Thrb	Thrb	0.682336956521739	0.153846153846154	0.269230769230769	0.7125	0.652173913043478
MA1602.1	Zscan29	Zscan29	0.68179347826087	-0.0769230769230769	0.598901098901099	0.5375	0.826086956521739
MA0591.1	Mafk	Mafk	0.676721014492754	-0.032967032967033	0.516483516483517	0.570833333333333	0.782608695652174
MA1124.1	Zfp24	Zfp24	0.676721014492754	-0.120879120879121	0.642857142857143	0.504166666666667	0.849275362318841
MA1147.1	Rxra	Rxra	0.673097826086956	-0.0769230769230769	0.565934065934066	0.5375	0.808695652173913
MA0699.1	Lbx2	Lbx2	0.672569094261485	0.186813186813187	0.184808654068267	0.7375	0.60763818852297
MA0065.2	Pparg	Pparg	0.671467391304348	0.021978021978022	0.417582417582418	0.6125	0.730434782608696
MA0885.1	Dlx2	Dlx2	0.669438992436209	0.516483516483517	-0.300959314390197	0.9875	0.351377984872418
MA0838.1	Cebpg	Cebpg	0.667210144927536	0.0604395604395604	0.346153846153846	0.641666666666667	0.692753623188406
MA0836.2	Cebpd	Cebpd	0.667210144927536	0.0604395604395604	0.346153846153846	0.641666666666667	0.692753623188406
MA0093.3	Usf1	Usf1	0.659148550724638	-0.021978021978022	0.434065934065934	0.579166666666666	0.739130434782609
MA1535.1	Nr2c1	Nr2c1	0.653804347826087	-0.00549450549450549	0.39010989010989	0.591666666666667	0.715942028985507
MA0466.2	Cebpb	Cebpb	0.653260869565217	-0.0604395604395604	0.467032967032967	0.55	0.756521739130435
MA1563.1	Sox18	Sox18	0.65044933463645	0.126373626373626	0.187829895050278	0.691666666666667	0.609232002606234
MA0074.1	Rxra	Rxra	0.65018115942029	-0.137362637362637	0.565934065934066	0.491666666666667	0.808695652173913
MA0512.2	Rxra	Rxra	0.65018115942029	-0.137362637362637	0.565934065934066	0.491666666666667	0.808695652173913
MA1532.1	Nr1d2	Nr1d2	0.646829710144928	-0.0659340659340659	0.450549450549451	0.545833333333333	0.747826086956522
MA0496.3	Mafk	Mafk	0.645471014492754	-0.115384615384615	0.516483516483517	0.508333333333333	0.782608695652174
MA0855.1	Rxrb	Rxrb	0.643659420289855	-0.0934065934065934	0.478021978021978	0.525	0.76231884057971
MA1636.1	Cebpg	Cebpg	0.642210144927536	-0.00549450549450549	0.346153846153846	0.591666666666667	0.692753623188406
MA0591.1	Bach1	Bach1	0.640489130434783	-0.032967032967033	0.379120879120879	0.570833333333333	0.710144927536232
MA0066.1	Pparg	Pparg	0.640217391304348	-0.0604395604395604	0.417582417582418	0.55	0.730434782608696
MA0752.1	Zfp410	Zfp410	0.627355072463768	-0.159340659340659	0.510989010989011	0.475	0.779710144927536
MA1581.1	Zbtb6	Zbtb6	0.624728260869565	-0.21978021978022	0.587912087912088	0.429166666666667	0.820289855072464
MA0691.1	Tfap4	Tfap4	0.624184782608696	0.0769230769230769	0.159340659340659	0.654166666666667	0.594202898550725
MA0088.2	Zfp143	Zfp143	0.623731884057971	0.236263736263736	-0.0714285714285714	0.775	0.472463768115942
MA0501.1	Maf	Maf	0.623188405797101	0.0934065934065934	0.131868131868132	0.666666666666667	0.579710144927536
MA1557.1	Smad5	Smad5	0.620742753623188	-0.32967032967033	0.730769230769231	0.345833333333333	0.895652173913044
MA0886.1	Emx2	Emx2	0.618572909523095	0.351648351648352	-0.256852705654201	0.8625	0.374645819046189
MA1511.1	Klf10	Klf10	0.61268115942029	-0.324175824175824	0.692307692307692	0.35	0.87536231884058
MA0658.1	Lhx6	Lhx6	0.611594202898551	0.269230769230769	-0.164835164835165	0.8	0.423188405797101
MA1574.1	Thrb	Thrb	0.611503623188406	-0.032967032967033	0.269230769230769	0.570833333333333	0.652173913043478
MA0161.2	Nfic	Nfic	0.609510869565217	-0.0879120879120879	0.340659340659341	0.529166666666667	0.689855072463768
MA1538.1	Nr2f1	Nr2f1	0.609148550724638	0.285714285714286	-0.197802197802198	0.8125	0.405797101449275
MA0071.1	Rora	Rora	0.609057971014493	0.247252747252747	-0.142857142857143	0.783333333333333	0.434782608695652
MA0595.1	Srebf1	Srebf1	0.606702898550725	-0.137362637362637	0.401098901098901	0.491666666666667	0.721739130434783
MA0148.4	Foxa1	Foxa1	0.606340579710145	-0.379120879120879	0.747252747252747	0.308333333333333	0.904347826086957
MA1494.1	Hnf4a	Hnf4a	0.60606884057971	-0.142857142857143	0.406593406593407	0.4875	0.72463768115942
MA0844.1	Xbp1	Xbp1	0.605978260869565	-0.00549450549450549	0.208791208791209	0.591666666666667	0.620289855072464
MA0638.1	Creb3	Creb3	0.60588768115942	-0.21978021978022	0.516483516483517	0.429166666666667	0.782608695652174
MA0848.1	Foxo4	Foxo4	0.605072463768116	-0.478021978021978	0.884615384615385	0.233333333333333	0.976811594202899
MA0047.3	Foxa2	Foxa2	0.604710144927536	-0.456043956043956	0.851648351648352	0.25	0.959420289855072
MA0259.1	Arnt	Arnt	0.604438405797102	-0.307692307692308	0.637362637362637	0.3625	0.846376811594203
MA0108.2	Tbp	Tbp	0.604076086956522	-0.285714285714286	0.604395604395604	0.379166666666667	0.828985507246377
MA1577.1	Tlx2	Tlx2	0.602838522628693	0.346153846153846	-0.308606699924184	0.858333333333333	0.347343711924054
MA0833.2	Atf4	Atf4	0.602536231884058	-0.148351648351648	0.401098901098901	0.483333333333333	0.721739130434783
MA1652.1	Zkscan5	Zkscan5	0.598460144927536	-0.208791208791209	0.472527472527473	0.4375	0.759420289855072
MA0072.1	Rora	Rora	0.596557971014493	0.214285714285714	-0.142857142857143	0.758333333333333	0.434782608695652
MA0829.2	Srebf1	Srebf1	0.596286231884058	-0.164835164835165	0.401098901098901	0.470833333333333	0.721739130434783
MA1633.1	Bach1	Bach1	0.594655797101449	-0.153846153846154	0.379120879120879	0.479166666666667	0.710144927536232
MA1111.1	Nr2f2	Nr2f2	0.589492753623188	-0.148351648351648	0.351648351648352	0.483333333333333	0.695652173913043
MA0111.1	Spz1	Spz1	0.587772007913549	0.252747252747253	-0.231455024943138	0.7875	0.388044015827098
MA0727.1	Nr3c2	Nr3c2	0.5875	0.148351648351648	-0.0824175824175824	0.708333333333333	0.466666666666667
MA1561.1	Sox12	Sox12	0.586322463768116	0.351648351648352	-0.379120879120879	0.8625	0.310144927536232
MA1647.1	Prdm4	Prdm4	0.585869565217391	-0.192307692307692	0.401098901098901	0.45	0.721739130434783
MA0046.2	Hnf1a	Hnf1a	0.584329710144928	-0.230769230769231	0.450549450549451	0.420833333333333	0.747826086956522
MA1522.1	Maz	Maz	0.584239130434783	-0.445054945054945	0.758241758241758	0.258333333333333	0.910144927536232
MA0113.3	Nr3c1	Nr3c1	0.583605072463768	0.0769230769230769	0.00549450549450549	0.654166666666667	0.51304347826087
MA0801.1	Mga	Mga	0.582427536231884	-0.0714285714285714	0.214285714285714	0.541666666666667	0.623188405797101
MA0154.4	Ebf1	Ebf1	0.57995675275753	-0.192307692307692	0.378682194520308	0.45	0.709913505515061
MA0019.1	Ddit3	Ddit3	0.579257246376812	-0.010989010989011	0.115384615384615	0.5875	0.571014492753623
MA1579.1	Zbtb26	Zbtb26	0.579166666666667	-0.401098901098901	0.675824175824176	0.291666666666667	0.866666666666667
MA0677.1	Nr2f6	Nr2f6	0.579076086956522	-0.175824175824176	0.351648351648352	0.4625	0.695652173913043
MA0753.2	Zfp740	Zfp740	0.578442028985507	-0.357142857142857	0.60989010989011	0.325	0.831884057971015
MA0643.1	Esrrg	Esrrg	0.577807971014493	-0.186813186813187	0.362637362637363	0.454166666666667	0.701449275362319
MA0502.2	Nfyb	Nfyb	0.577717391304348	-0.137362637362637	0.291208791208791	0.491666666666667	0.663768115942029
MA0597.1	Thap1	Thap1	0.576449275362319	-0.0604395604395604	0.175824175824176	0.55	0.602898550724638
MA0642.1	En2	En2	0.575953302025655	0.412087912087912	-0.505314404408232	0.908333333333333	0.243573270717976
MA0808.1	Tead3	Tead3	0.575090579710145	-0.021978021978022	0.115384615384615	0.579166666666666	0.571014492753623
MA0770.1	Hsf2	Hsf2	0.569384057971014	-0.423076923076923	0.67032967032967	0.275	0.863768115942029
MA1650.1	Zbtb14	Zbtb14	0.569384057971014	-0.510989010989011	0.796703296703297	0.208333333333333	0.930434782608696
MA0750.2	Zbtb7a	Zbtb7a	0.564402173913043	-0.428571428571429	0.659340659340659	0.270833333333333	0.857971014492754
MA1585.1	Zkscan1	Zkscan1	0.563677536231884	-0.384615384615385	0.593406593406593	0.304166666666667	0.823188405797102
MA0159.1	Rxra	Rxra	0.56268115942029	-0.368131868131868	0.565934065934066	0.316666666666667	0.808695652173913
MA0794.1	Prox1	Prox1	0.562228260869565	-0.208791208791209	0.335164835164835	0.4375	0.68695652173913
MA0745.2	Snai2	Snai2	0.561231884057971	-0.368131868131868	0.56043956043956	0.316666666666667	0.805797101449275
MA0513.1	Smad4	Smad4	0.559963768115942	-0.115384615384615	0.192307692307692	0.508333333333333	0.611594202898551
MA1599.1	Zfp457	Zfp457	0.559963768115942	-0.115384615384615	0.192307692307692	0.508333333333333	0.611594202898551
MA0628.1	Pou6f1	Pou6f1	0.559148550724638	0.241758241758242	-0.324175824175824	0.779166666666666	0.339130434782609
MA0006.1	Arnt	Arnt	0.558605072463768	-0.428571428571429	0.637362637362637	0.270833333333333	0.846376811594203
MA1624.1	Stat5a	Stat5a	0.555797101449275	-0.214285714285714	0.318681318681319	0.433333333333333	0.678260869565217
MA0480.1	Foxo1	Foxo1	0.553532608695652	-0.296703296703297	0.428571428571429	0.370833333333333	0.736231884057971
MA0494.1	Nr1h3	Nr1h3	0.553442028985507	-0.423076923076923	0.60989010989011	0.275	0.831884057971015
MA0670.1	Nfia	Nfia	0.552626811594203	-0.32967032967033	0.472527472527473	0.345833333333333	0.759420289855072
MA0705.1	Lhx8	Lhx8	0.550905797101449	0.346153846153846	-0.505494505494506	0.858333333333333	0.243478260869565
MA0114.4	Hnf4a	Hnf4a	0.54981884057971	-0.291208791208791	0.406593406593407	0.375	0.72463768115942
MA1531.1	Nr1d1	Nr1d1	0.549547101449275	0.032967032967033	-0.0604395604395604	0.620833333333333	0.478260869565217
MA1142.1	Jund	Jund	0.545923913043478	-0.274725274725275	0.368131868131868	0.3875	0.704347826086956
MA1517.1	Klf6	Klf6	0.545652173913043	-0.214285714285714	0.28021978021978	0.433333333333333	0.657971014492754
MA0115.1	Rxra	Rxra	0.54393115942029	-0.417582417582418	0.565934065934066	0.279166666666667	0.808695652173913
MA0797.1	Tgif2	Tgif2	0.54393115942029	0.197802197802198	-0.318681318681319	0.745833333333333	0.342028985507246
MA1555.1	Rxrb	Rxrb	0.543659420289855	-0.357142857142857	0.478021978021978	0.325	0.76231884057971
MA0663.1	Mlx	Mlx	0.542391304347826	-0.368131868131868	0.489010989010989	0.316666666666667	0.768115942028986
MA0494.1	Rxra	Rxra	0.541847826086957	-0.423076923076923	0.565934065934066	0.275	0.808695652173913
MA0491.2	Jund	Jund	0.541757246376812	-0.285714285714286	0.368131868131868	0.379166666666667	0.704347826086956
MA0872.1	Tfap2a	Tfap2a	0.540942028985507	0.0714285714285714	-0.148351648351648	0.65	0.431884057971014
MA0519.1	Stat5a	Stat5a	0.539130434782609	-0.258241758241758	0.318681318681319	0.4	0.678260869565217
MA0875.1	Barx1	Barx1	0.537116479045657	0.28021978021978	-0.462992469552181	0.808333333333333	0.26589962475798
MA0470.2	E2f4	E2f4	0.536322463768116	-0.21978021978022	0.252747252747253	0.429166666666667	0.643478260869565
MA0783.1	Pknox2	Pknox2	0.536141304347826	0.230769230769231	-0.395604395604396	0.770833333333333	0.301449275362319
MA0738.1	Hic2	Hic2	0.534692028985507	-0.032967032967033	-0.021978021978022	0.570833333333333	0.498550724637681
MA0076.2	Elk4	Elk4	0.534329710144928	-0.450549450549451	0.576923076923077	0.254166666666667	0.814492753623189
MA1418.1	Irf3	Irf3	0.532427536231884	-0.379120879120879	0.467032967032967	0.308333333333333	0.756521739130435
MA0091.1	Tcf3	Tcf3	0.532246376811594	-0.192307692307692	0.197802197802198	0.45	0.614492753623188
MA0004.1	Arnt	Arnt	0.531521739130435	-0.5	0.637362637362637	0.216666666666667	0.846376811594203
MA0856.1	Rxrg	Rxrg	0.531521739130435	-0.148351648351648	0.131868131868132	0.483333333333333	0.579710144927536
MA0157.2	Foxo3	Foxo3	0.53106884057971	-0.340659340659341	0.406593406593407	0.3375	0.72463768115942
MA1567.1	Tbx6	Tbx6	0.529981884057971	-0.186813186813187	0.181318681318681	0.454166666666667	0.605797101449275
MA0469.3	E2f3	E2f3	0.529528985507246	0.148351648351648	-0.302197802197802	0.708333333333333	0.350724637681159
MA0914.1	Isl2	Isl2	0.528561166508595	0.417582417582418	-0.692886236863018	0.9125	0.14462233301719
MA1576.1	Thrb	Thrb	0.528170289855072	-0.252747252747253	0.269230769230769	0.404166666666667	0.652173913043478
MA0868.2	Sox8	Sox8	0.528170289855072	-0.340659340659341	0.395604395604396	0.3375	0.718840579710145
MA0160.1	Nr4a2	Nr4a2	0.527807971014493	0.032967032967033	-0.142857142857143	0.620833333333333	0.434782608695652
MA1566.1	Tbx3	Tbx3	0.527626811594203	-0.043956043956044	-0.032967032967033	0.5625	0.492753623188406
MA0090.3	Tead1	Tead1	0.526902173913043	-0.263736263736264	0.28021978021978	0.395833333333333	0.657971014492754
MA1104.2	Gata6	Gata6	0.525271739130435	-0.164835164835165	0.131868131868132	0.470833333333333	0.579710144927536
MA1513.1	Klf15	Klf15	0.524094202898551	-0.401098901098901	0.467032967032967	0.291666666666667	0.756521739130435
MA0637.1	Cenpb	Cenpb	0.523731884057971	-0.291208791208791	0.307692307692308	0.375	0.672463768115942
MA1512.1	Klf11	Klf11	0.523731884057971	-0.379120879120879	0.434065934065934	0.308333333333333	0.739130434782609
MA1592.1	Zfp369	Zfp369	0.523007246376812	-0.423076923076923	0.494505494505495	0.275	0.771014492753623
MA1625.1	Stat5b	Stat5b	0.521376811594203	-0.148351648351648	0.0934065934065934	0.483333333333333	0.559420289855073
MA1596.1	Zfp113	Zfp113	0.521195652173913	-0.401098901098901	0.456043956043956	0.291666666666667	0.75072463768116
MA0092.1	Tcf3	Tcf3	0.519746376811594	-0.225274725274725	0.197802197802198	0.425	0.614492753623188
MA0746.2	Sp3	Sp3	0.516938405797101	-0.274725274725275	0.258241758241758	0.3875	0.646376811594203
MA0826.1	Olig1	Olig1	0.516304347826087	-0.631868131868132	0.769230769230769	0.116666666666667	0.915942028985507
MA0068.2	Pax4	Pax4	0.51579110281578	0.346153846153846	-0.638621643170944	0.858333333333333	0.173248872298226
MA0776.1	Mybl1	Mybl1	0.514492753623188	0.0934065934065934	-0.28021978021978	0.666666666666667	0.36231884057971
MA0744.2	Scrt2	Scrt2	0.513496376811594	-0.0659340659340659	-0.054945054945055	0.545833333333333	0.481159420289855
MA0075.3	Prrx2	Prrx2	0.51177536231884	0.346153846153846	-0.653846153846154	0.858333333333333	0.165217391304348
MA0865.1	E2f8	E2f8	0.510326086956522	-0.445054945054945	0.478021978021978	0.258333333333333	0.76231884057971
MA0889.1	Gbx1	Gbx1	0.509692028985507	0.252747252747253	-0.527472527472527	0.7875	0.231884057971014
MA0760.1	Erf	Erf	0.508514492753623	-0.335164835164835	0.313186813186813	0.341666666666667	0.67536231884058
MA0106.3	Trp53	Trp53	0.507518115942029	-0.318681318681319	0.285714285714286	0.354166666666667	0.660869565217391
MA0728.1	Nr2f6	Nr2f6	0.506159420289855	-0.368131868131868	0.351648351648352	0.316666666666667	0.695652173913043
MA1623.1	Stat2	Stat2	0.50588768115942	-0.307692307692308	0.263736263736264	0.3625	0.649275362318841
MA0095.2	Yy1	Yy1	0.505163043478261	-0.263736263736264	0.197802197802198	0.395833333333333	0.614492753623188
MA0024.3	E2f1	E2f1	0.505072463768116	-0.302197802197802	0.252747252747253	0.366666666666667	0.643478260869565
MA0493.1	Klf1	Klf1	0.503713768115942	-0.263736263736264	0.192307692307692	0.395833333333333	0.611594202898551
MA0115.1	Nr1h2	Nr1h2	0.503351449275362	-0.417582417582418	0.412087912087912	0.279166666666667	0.727536231884058
MA1150.1	Rorb	Rorb	0.503079710144927	0.0824175824175824	-0.307692307692308	0.658333333333333	0.347826086956522
MA0900.2	Hoxa2	Hoxa2	0.502531589848705	-0.0989010989010989	-0.0491247417823803	0.520833333333333	0.484229846364078
MA0027.2	En1	En1	0.501996261889025	0.192307692307692	-0.469766919211939	0.741666666666666	0.262325857111383
MA0505.1	Nr5a2	Nr5a2	0.501992753623188	-0.291208791208791	0.225274725274725	0.375	0.628985507246377
MA1149.1	Rxrg	Rxrg	0.500271739130435	-0.230769230769231	0.131868131868132	0.420833333333333	0.579710144927536
MA1466.1	Atf6	Atf6	0.500271739130435	0.032967032967033	-0.247252747252747	0.620833333333333	0.379710144927536
MA1107.2	Klf9	Klf9	0.499547101449275	-0.362637362637363	0.318681318681319	0.320833333333333	0.678260869565217
MA1580.1	Zbtb32	Zbtb32	0.496376811594203	0.313186813186813	-0.664835164835165	0.833333333333333	0.159420289855072
MA0528.2	Zfp263	Zfp263	0.496286231884058	-0.340659340659341	0.274725274725275	0.3375	0.655072463768116
MA1102.2	Ctcfl	Ctcfl	0.495018115942029	-0.527472527472527	0.538461538461538	0.195833333333333	0.794202898550725
MA1643.1	Nfib	Nfib	0.49375	-0.450549450549451	0.423076923076923	0.254166666666667	0.733333333333333
MA1599.1	Zfp595	Zfp595	0.493297101449275	-0.115384615384615	-0.0604395604395604	0.508333333333333	0.478260869565217
MA0040.1	Foxq1	Foxq1	0.492481884057971	-0.461538461538462	0.434065934065934	0.245833333333333	0.739130434782609
MA0805.1	Tbx1	Tbx1	0.492049303403784	0.21978021978022	-0.546969673908732	0.7625	0.221598606807568
MA0492.1	Jund	Jund	0.491757246376812	-0.417582417582418	0.368131868131868	0.279166666666667	0.704347826086956
MA0146.2	Zfx	Zfx	0.491576086956522	-0.230769230769231	0.0989010989010989	0.420833333333333	0.56231884057971
MA0644.1	Esx1	Esx1	0.491394927536232	-0.307692307692308	0.208791208791209	0.3625	0.620289855072464
MA0787.1	Pou3f2	Pou3f2	0.491123188405797	-0.423076923076923	0.373626373626374	0.275	0.707246376811594
MA0137.3	Stat1	Stat1	0.491032608695652	-0.197802197802198	0.0494505494505495	0.445833333333333	0.536231884057971
MA0664.1	Mlxipl	Mlxipl	0.488586956521739	-0.445054945054945	0.395604395604396	0.258333333333333	0.718840579710145
MA0522.3	Tcf3	Tcf3	0.488496376811594	-0.307692307692308	0.197802197802198	0.3625	0.614492753623188
MA1122.1	Tfdp1	Tfdp1	0.488315217391304	-0.296703296703297	0.181318681318681	0.370833333333333	0.605797101449275
MA1593.1	Zfp317	Zfp317	0.487409420289855	-0.32967032967033	0.225274725274725	0.345833333333333	0.628985507246377
MA0495.3	Maff	Maff	0.48695652173913	-0.258241758241758	0.120879120879121	0.4	0.573913043478261
MA0756.1	Onecut2	Onecut2	0.486503623188406	-0.362637362637363	0.269230769230769	0.320833333333333	0.652173913043478
MA1147.1	Nr4a2	Nr4a2	0.486141304347826	-0.0769230769230769	-0.142857142857143	0.5375	0.434782608695652
MA1141.1	Jund	Jund	0.485507246376812	-0.434065934065934	0.368131868131868	0.266666666666667	0.704347826086956
MA1556.1	Rxrg	Rxrg	0.483605072463768	-0.274725274725275	0.131868131868132	0.3875	0.579710144927536
MA0596.1	Srebf2	Srebf2	0.483423913043478	-0.175824175824176	-0.010989010989011	0.4625	0.504347826086957
MA0763.1	Etv3	Etv3	0.483423913043478	-0.351648351648352	0.241758241758242	0.329166666666667	0.63768115942029
MA0486.2	Hsf1	Hsf1	0.483242753623188	-0.164835164835165	-0.0274725274725275	0.470833333333333	0.495652173913044
MA0689.1	Tbx20	Tbx20	0.48179347826087	0.186813186813187	-0.538461538461538	0.7375	0.226086956521739
MA0888.1	Evx2	Evx2	0.481595263126038	0.054945054945055	-0.349652573862825	0.6375	0.325690526252075
MA0800.1	Eomes	Eomes	0.481521739130435	0.159340659340659	-0.5	0.716666666666667	0.246376811594203
MA1493.1	Hes6	Hes6	0.481340579710145	-0.357142857142857	0.241758241758242	0.325	0.63768115942029
MA0519.1	Stat5b	Stat5b	0.479710144927536	-0.258241758241758	0.0934065934065934	0.4	0.559420289855073
MA0633.1	Twist2	Twist2	0.477083333333333	-0.582417582417582	0.54945054945055	0.154166666666667	0.8
MA1152.1	Sox15	Sox15	0.476974290236527	-0.417582417582418	0.312086594852769	0.279166666666667	0.674781913806388
MA0687.1	Spic	Spic	0.476358695652174	-0.274725274725275	0.104395604395604	0.3875	0.565217391304348
MA0073.1	Rreb1	Rreb1	0.476268115942029	-0.225274725274725	0.032967032967033	0.425	0.527536231884058
MA1570.1	Tfap4	Tfap4	0.476268115942029	-0.313186813186813	0.159340659340659	0.358333333333333	0.594202898550725
MA0842.2	Nrl	Nrl	0.476224199535959	0.208791208791209	-0.591169243517518	0.754166666666667	0.198281732405251
MA0107.1	Rela	Rela	0.47554347826087	-0.181318681318681	-0.032967032967033	0.458333333333333	0.492753623188406
MA0112.3	Esr1	Esr1	0.474728260869565	0	-0.296703296703297	0.595833333333333	0.353623188405797
MA0527.1	Zbtb33	Zbtb33	0.474094202898551	-0.445054945054945	0.340659340659341	0.258333333333333	0.689855072463768
MA1476.1	Dlx5	Dlx5	0.472467439527962	-0.0604395604395604	-0.218392674317066	0.55	0.394934879055924
MA0771.1	Hsf4	Hsf4	0.471920289855072	-0.401098901098901	0.269230769230769	0.291666666666667	0.652173913043478
MA1599.1	Zfp738	Zfp738	0.471557971014493	-0.115384615384615	-0.142857142857143	0.508333333333333	0.434782608695652
MA0910.2	Hoxd8	Hoxd8	0.471255949052972	-0.269230769230769	0.077151674981046	0.391666666666667	0.550845231439276
MA0675.1	Nkx6-2	Nkx6-2	0.470908585565501	-0.197802197802198	-0.0268438239549679	0.445833333333333	0.495983837797669
MA0125.1	Nobox	Nobox	0.470364031161944	0.0494505494505495	-0.38433416757285	0.633333333333333	0.307394728990555
MA1573.1	Thap11	Thap11	0.469927536231884	-0.456043956043956	0.340659340659341	0.25	0.689855072463768
MA0489.1	Jun	Jun	0.468115942028985	-0.346153846153846	0.175824175824176	0.333333333333333	0.602898550724638
MA0629.1	Rhox11	Rhox11	0.467483008500565	0.120879120879121	-0.497935297442911	0.6875	0.247466017001131
MA0525.2	Trp63	Trp63	0.467481884057971	0.263736263736264	-0.703296703296703	0.795833333333333	0.139130434782609
MA1143.1	Jund	Jund	0.466757246376812	-0.483516483516484	0.368131868131868	0.229166666666667	0.704347826086956
MA1144.1	Jund	Jund	0.464673913043478	-0.489010989010989	0.368131868131868	0.225	0.704347826086956
MA0463.2	Bcl6	Bcl6	0.464402173913043	-0.252747252747253	0.0274725274725275	0.404166666666667	0.52463768115942
MA0059.1	Myc	Myc	0.463768115942029	-0.521978021978022	0.412087912087912	0.2	0.727536231884058
MA0052.4	Mef2a	Mef2a	0.463496376811594	-0.373626373626374	0.197802197802198	0.3125	0.614492753623188
MA1520.1	Maf	Maf	0.462771739130435	-0.32967032967033	0.131868131868132	0.345833333333333	0.579710144927536
MA1536.1	Nr2c2	Nr2c2	0.461594202898551	-0.126373626373626	-0.164835164835165	0.5	0.423188405797101
MA0119.1	Nfic	Nfic	0.459510869565217	-0.483516483516484	0.340659340659341	0.229166666666667	0.689855072463768
MA1154.1	Zfp282	Zfp282	0.457971014492754	0.00549450549450549	-0.368131868131868	0.6	0.315942028985507
MA1516.1	Klf3	Klf3	0.455072463768116	-0.258241758241758	0	0.4	0.510144927536232
MA0897.1	Hmx2	Hmx2	0.45485067689634	-0.021978021978022	-0.340469961217173	0.579166666666666	0.330534687126013
MA1132.1	Jun	Jun	0.453532608695652	-0.384615384615385	0.175824175824176	0.304166666666667	0.602898550724638
MA0679.2	Onecut1	Onecut1	0.451630434782609	-0.489010989010989	0.318681318681319	0.225	0.678260869565217
MA0050.2	Irf1	Irf1	0.451539855072464	-0.43956043956044	0.247252747252747	0.2625	0.640579710144928
MA1523.1	Msantd3	Msantd3	0.451539855072464	-0.0879120879120879	-0.258241758241758	0.529166666666667	0.373913043478261
MA0462.2	Jun	Jun	0.451449275362319	-0.39010989010989	0.175824175824176	0.3	0.602898550724638
MA0701.2	Lhx9	Lhx9	0.451310257486319	0.346153846153846	-0.883081990848571	0.858333333333333	0.0442871816393047
MA0513.1	Smad2	Smad2	0.451268115942029	-0.115384615384615	-0.21978021978022	0.508333333333333	0.394202898550725
MA1527.1	Nfic	Nfic	0.451177536231884	-0.505494505494506	0.340659340659341	0.2125	0.689855072463768
MA0694.1	Zbtb7b	Zbtb7b	0.450634057971014	-0.472527472527473	0.291208791208791	0.2375	0.663768115942029
MA0815.1	Tfap2c	Tfap2c	0.449728260869565	-0.0659340659340659	-0.296703296703297	0.545833333333333	0.353623188405797
MA0890.1	Gbx2	Gbx2	0.449550772861296	-0.120879120879121	-0.218392674317066	0.504166666666667	0.394934879055924
MA0147.3	Myc	Myc	0.449184782608696	-0.56043956043956	0.412087912087912	0.170833333333333	0.727536231884058
MA0504.1	Nr2c2	Nr2c2	0.447010869565217	-0.164835164835165	-0.164835164835165	0.470833333333333	0.423188405797101
MA0730.1	Rara	Rara	0.446829710144928	-0.0659340659340659	-0.307692307692308	0.545833333333333	0.347826086956522
MA0509.2	Rfx1	Rfx1	0.446739130434783	-0.456043956043956	0.252747252747253	0.25	0.643478260869565
MA1537.1	Nr2f1	Nr2f1	0.446648550724638	-0.142857142857143	-0.197802197802198	0.4875	0.405797101449275
MA0081.2	Spib	Spib	0.446390356858561	-0.0274725274725275	-0.364646449272488	0.575	0.317780713717122
MA1145.1	Jund	Jund	0.445923913043478	-0.538461538461538	0.368131868131868	0.1875	0.704347826086956
MA0778.1	Nfkb2	Nfkb2	0.445018115942029	-0.131868131868132	-0.21978021978022	0.495833333333333	0.394202898550725
MA0767.1	Gcm2	Gcm2	0.442300724637681	0.120879120879121	-0.593406593406593	0.6875	0.197101449275362
MA0666.1	Msx1	Msx1	0.442152293578051	-0.181318681318681	-0.159559985885412	0.458333333333333	0.425971253822768
MA0858.1	Rarb	Rarb	0.441304347826087	-0.0384615384615385	-0.368131868131868	0.566666666666667	0.315942028985507
MA1655.1	Zfp341	Zfp341	0.441032608695652	-0.0659340659340659	-0.32967032967033	0.545833333333333	0.336231884057971
MA0056.2	Mzf1	Mzf1	0.440036231884058	-0.225274725274725	-0.104395604395604	0.425	0.455072463768116
MA1105.2	Grhl2	Grhl2	0.439855072463768	-0.302197802197802	0.00549450549450549	0.366666666666667	0.51304347826087
MA0806.1	Tbx4	Tbx4	0.439673913043478	-0.115384615384615	-0.263736263736264	0.508333333333333	0.371014492753623
MA0857.1	Rarb	Rarb	0.439221014492754	-0.043956043956044	-0.368131868131868	0.5625	0.315942028985507
MA0099.3	Jun	Jun	0.438949275362319	-0.423076923076923	0.175824175824176	0.275	0.602898550724638
MA0799.1	Rfx4	Rfx4	0.438677536231884	-0.362637362637363	0.0879120879120879	0.320833333333333	0.556521739130435
MA0907.1	Hoxc13	Hoxc13	0.438239041349792	0.00549450549450549	-0.442939898179362	0.6	0.276478082699583
MA0630.1	Rhox10	Rhox10	0.437772007913549	-0.142857142857143	-0.231455024943138	0.4875	0.388044015827098
MA1578.1	Vezf1	Vezf1	0.437409420289855	-0.285714285714286	-0.0274725274725275	0.379166666666667	0.495652173913044
MA0488.1	Jun	Jun	0.436865942028985	-0.428571428571429	0.175824175824176	0.270833333333333	0.602898550724638
MA1484.1	Ets2	Ets2	0.436503623188406	-0.406593406593407	0.142857142857143	0.2875	0.585507246376812
MA0688.1	Tbx2	Tbx2	0.436050724637681	-0.159340659340659	-0.214285714285714	0.475	0.397101449275362
MA1565.1	Tbx18	Tbx18	0.435037204333742	-0.104395604395604	-0.297111697855594	0.516666666666667	0.353407742000817
MA0710.1	Noto	Noto	0.435019461596256	0.269230769230769	-0.834266876365843	0.8	0.0700389231925117
MA1479.1	Dmrtc2	Dmrtc2	0.434807176081982	-0.00549450549450549	-0.440154112656221	0.591666666666667	0.277947685497298
MA0869.1	Sox11	Sox11	0.433490149122912	0	-0.45304558849006	0.595833333333333	0.27114696491249
MA1153.1	Smad4	Smad4	0.432880434782609	-0.450549450549451	0.192307692307692	0.254166666666667	0.611594202898551
MA1653.1	Zfp148	Zfp148	0.432880434782609	-0.274725274725275	-0.0604395604395604	0.3875	0.478260869565217
MA0780.1	Pax3	Pax3	0.432246376811594	-0.0164835164835165	-0.434065934065934	0.583333333333333	0.281159420289855
MA1125.1	Zfp384	Zfp384	0.431521739130435	-0.412087912087912	0.131868131868132	0.283333333333333	0.579710144927536
MA1553.1	Rarg	Rarg	0.43143115942029	0.164835164835165	-0.697802197802198	0.720833333333333	0.142028985507246
MA0698.1	Zbtb18	Zbtb18	0.431340579710145	-0.225274725274725	-0.137362637362637	0.425	0.43768115942029
MA0141.3	Esrrb	Esrrb	0.430163043478261	-0.10989010989011	-0.307692307692308	0.5125	0.347826086956522
MA1501.1	Hoxb7	Hoxb7	0.428602337908767	0.0769230769230769	-0.582153224411816	0.654166666666667	0.203038009150868
MA0138.2	Rest	Rest	0.428260869565217	-0.214285714285714	-0.164835164835165	0.433333333333333	0.423188405797101
MA0520.1	Stat6	Stat6	0.427717391304348	-0.269230769230769	-0.0879120879120879	0.391666666666667	0.463768115942029
MA0653.1	Irf9	Irf9	0.427264492753623	-0.461538461538462	0.186813186813187	0.245833333333333	0.608695652173913
MA1552.1	Rarb	Rarb	0.426721014492754	-0.0769230769230769	-0.368131868131868	0.5375	0.315942028985507
MA0892.1	Gsx1	Gsx1	0.426634106194629	-0.181318681318681	-0.218392674317066	0.458333333333333	0.394934879055924
MA0606.1	Nfat5	Nfat5	0.426268115942029	-0.0934065934065934	-0.346153846153846	0.525	0.327536231884058
MA0517.1	Stat2	Stat2	0.42463768115942	-0.521978021978022	0.263736263736264	0.2	0.649275362318841
MA0631.1	Six3	Six3	0.424597596614693	-0.0879120879120879	-0.360385485361878	0.529166666666667	0.32002852656272
MA1133.1	Jun	Jun	0.424365942028985	-0.461538461538462	0.175824175824176	0.245833333333333	0.602898550724638
MA0784.1	Pou1f1	Pou1f1	0.424328805746165	-0.0659340659340659	-0.392997934259043	0.545833333333333	0.302824278158998
MA0515.1	Sox6	Sox6	0.424275362318841	-0.324175824175824	-0.021978021978022	0.35	0.498550724637681
MA0070.1	Pbx1	Pbx1	0.422826086956522	-0.324175824175824	-0.0274725274725275	0.35	0.495652173913044
MA0713.1	Phox2a	Phox2a	0.422396935350634	-0.010989010989011	-0.479305574769573	0.5875	0.257293870701269
MA1128.1	Jun	Jun	0.422282608695652	-0.467032967032967	0.175824175824176	0.241666666666667	0.602898550724638
MA0625.1	Nfatc3	Nfatc3	0.422101449275362	-0.104395604395604	-0.346153846153846	0.516666666666667	0.327536231884058
MA0029.1	Mecom	Mecom	0.421739130434783	0.181318681318681	-0.758241758241758	0.733333333333333	0.110144927536232
MA1592.1	Zfp110	Zfp110	0.421557971014493	-0.423076923076923	0.10989010989011	0.275	0.568115942028986
MA1500.1	Hoxb6	Hoxb6	0.420652173913043	0.159340659340659	-0.730769230769231	0.716666666666667	0.12463768115942
MA0742.1	Klf12	Klf12	0.420199275362319	-0.296703296703297	-0.0769230769230769	0.370833333333333	0.469565217391304
MA0661.1	Meox1	Meox1	0.420158873155955	-0.0274725274725275	-0.464095480892257	0.575	0.265317746311911
MA0003.4	Tfap2a	Tfap2a	0.420108695652174	-0.247252747252747	-0.148351648351648	0.408333333333333	0.431884057971014
MA0017.2	Nr2f1	Nr2f1	0.419565217391304	-0.214285714285714	-0.197802197802198	0.433333333333333	0.405797101449275
MA1115.1	Pou5f1	Pou5f1	0.419522557640881	-0.0714285714285714	-0.403321072680176	0.541666666666667	0.297378448615096
MA1112.2	Nr4a1	Nr4a1	0.41911231884058	-0.230769230769231	-0.175824175824176	0.420833333333333	0.417391304347826
MA1542.1	Osr1	Osr1	0.418928872381822	-0.0659340659340659	-0.413470209101885	0.545833333333333	0.29202441143031
MA1608.1	Isl1	Isl1	0.418742715833353	0.126373626373626	-0.690618275137287	0.691666666666667	0.14581876500004
MA1130.1	Jun	Jun	0.418115942028985	-0.478021978021978	0.175824175824176	0.233333333333333	0.602898550724638
MA0259.1	Hif1a	Hif1a	0.417481884057971	-0.307692307692308	-0.0714285714285714	0.3625	0.472463768115942
MA0258.2	Esr2	Esr2	0.417300724637681	0.142857142857143	-0.71978021978022	0.704166666666667	0.130434782608696
MA0614.1	Foxj2	Foxj2	0.417119565217391	-0.373626373626374	0.021978021978022	0.3125	0.521739130434783
MA1627.1	Wt1	Wt1	0.416576086956522	-0.340659340659341	-0.0274725274725275	0.3375	0.495652173913044
MA0109.1	Hltf	Hltf	0.416485507246377	-0.0274725274725275	-0.478021978021978	0.575	0.257971014492754
MA1519.1	Lhx5	Lhx5	0.415670289855072	-0.197802197802198	-0.236263736263736	0.445833333333333	0.385507246376812
MA0657.1	Klf13	Klf13	0.415126811594203	-0.428571428571429	0.0934065934065934	0.270833333333333	0.559420289855073
MA0636.1	Bhlhe41	Bhlhe41	0.414492753623188	-0.258241758241758	-0.153846153846154	0.4	0.428985507246377
MA1638.1	Hand2	Hand2	0.413315217391304	-0.494505494505495	0.181318681318681	0.220833333333333	0.605797101449275
MA1113.2	Pbx2	Pbx2	0.41195652173913	-0.456043956043956	0.120879120879121	0.25	0.573913043478261
MA0876.1	Bsx	Bsx	0.411663545524648	-0.181318681318681	-0.275149195538421	0.458333333333333	0.364993757715963
MA0741.1	Klf16	Klf16	0.410778985507246	-0.252747252747253	-0.175824175824176	0.404166666666667	0.417391304347826
MA1509.1	Irf6	Irf6	0.410326086956522	-0.0934065934065934	-0.406593406593407	0.525	0.295652173913043
MA0130.1	Zfp354c	Zfp354c	0.409782608695652	-0.148351648351648	-0.32967032967033	0.483333333333333	0.336231884057971
MA0863.1	Mtf1	Mtf1	0.408333333333333	-0.0604395604395604	-0.461538461538462	0.55	0.266666666666667
MA0059.1	Max	Max	0.407246376811594	-0.521978021978022	0.197802197802198	0.2	0.614492753623188
MA1525.1	Nfatc4	Nfatc4	0.406974637681159	-0.10989010989011	-0.395604395604396	0.5125	0.301449275362319
MA1499.1	Hoxb4	Hoxb4	0.405978260869565	-0.181318681318681	-0.296703296703297	0.458333333333333	0.353623188405797
MA0825.1	Mnt	Mnt	0.404438405797101	-0.659340659340659	0.384615384615385	0.0958333333333333	0.71304347826087
MA0131.2	Hinfp	Hinfp	0.404347826086957	-0.521978021978022	0.186813186813187	0.2	0.608695652173913
MA1550.1	Ppard	Ppard	0.403079710144927	-0.00549450549450549	-0.56043956043956	0.591666666666667	0.214492753623188
MA0828.1	Srebf2	Srebf2	0.402173913043478	-0.39010989010989	-0.010989010989011	0.3	0.504347826086957
MA1126.1	Jun	Jun	0.401449275362319	-0.521978021978022	0.175824175824176	0.2	0.602898550724638
MA0716.1	Prrx1	Prrx1	0.400996376811594	-0.362637362637363	-0.054945054945055	0.320833333333333	0.481159420289855
MA0819.1	Clock	Clock	0.39945652173913	-0.576923076923077	0.247252747252747	0.158333333333333	0.640579710144928
MA1656.1	Zfp449	Zfp449	0.399365942028985	-0.263736263736264	-0.203296703296703	0.395833333333333	0.402898550724638
MA0887.1	Evx1	Evx1	0.398733008500565	-0.0604395604395604	-0.497935297442911	0.55	0.247466017001131
MA0593.1	Foxp2	Foxp2	0.397010869565217	-0.472527472527473	0.0879120879120879	0.2375	0.556521739130435
MA0775.1	Meis3	Meis3	0.396920289855072	-0.335164835164835	-0.10989010989011	0.341666666666667	0.452173913043478
MA0654.1	Isx	Isx	0.395923913043478	-0.142857142857143	-0.39010989010989	0.4875	0.304347826086956
MA0814.2	Tfap2c	Tfap2c	0.395561594202898	-0.208791208791209	-0.296703296703297	0.4375	0.353623188405797
MA0676.1	Nr2e1	Nr2e1	0.395471014492754	0.192307692307692	-0.873626373626374	0.741666666666666	0.0492753623188406
MA1131.1	Jun	Jun	0.395199275362319	-0.538461538461538	0.175824175824176	0.1875	0.602898550724638
MA0690.1	Tbx21	Tbx21	0.395199275362319	0.0769230769230769	-0.708791208791209	0.654166666666667	0.136231884057971
MA1683.1	Foxa3	Foxa3	0.394655797101449	-0.417582417582418	0	0.279166666666667	0.510144927536232
MA0501.1	Nfe2	Nfe2	0.394202898550725	0.0934065934065934	-0.736263736263736	0.666666666666667	0.121739130434783
MA0482.2	Gata4	Gata4	0.393840579710145	-0.324175824175824	-0.137362637362637	0.35	0.43768115942029
MA0831.2	Tfe3	Tfe3	0.392844202898551	-0.307692307692308	-0.164835164835165	0.3625	0.423188405797101
MA0665.1	Msc	Msc	0.392213403360009	-0.208791208791209	-0.309396987261505	0.4375	0.346926806720018
MA1646.1	Osr2	Osr2	0.391948578155563	0.021978021978022	-0.642131764135504	0.6125	0.171397156311126
MA0484.2	Hnf4g	Hnf4g	0.391847826086956	-0.291208791208791	-0.192307692307692	0.375	0.408695652173913
MA0153.2	Hnf1b	Hnf1b	0.391304347826087	-0.346153846153846	-0.115384615384615	0.333333333333333	0.449275362318841
MA0510.2	Rfx5	Rfx5	0.390760869565217	-0.576923076923077	0.214285714285714	0.158333333333333	0.623188405797101
MA0807.1	Tbx5	Tbx5	0.390398550724638	-0.115384615384615	-0.450549450549451	0.508333333333333	0.272463768115942
MA0603.1	Arntl	Arntl	0.390036231884058	-0.357142857142857	-0.104395604395604	0.325	0.455072463768116
MA0706.1	Meox2	Meox2	0.389673913043478	-0.159340659340659	-0.39010989010989	0.475	0.304347826086956
MA0060.3	Nfya	Nfya	0.387047101449275	0.131868131868132	-0.818681318681319	0.695833333333333	0.0782608695652174
MA0668.1	Neurod2	Neurod2	0.386990684960921	-0.148351648351648	-0.416079271302003	0.483333333333333	0.290648036588508
MA1127.1	Jun	Jun	0.384782608695652	-0.565934065934066	0.175824175824176	0.166666666666667	0.602898550724638
MA0896.1	Hmx1	Hmx1	0.384477055184261	0.010989010989011	-0.654661164411318	0.604166666666667	0.164787443701855
MA1149.1	Rara	Rara	0.384329710144928	-0.230769230769231	-0.307692307692308	0.420833333333333	0.347826086956522
MA0867.2	Sox4	Sox4	0.383967391304348	-0.208791208791209	-0.340659340659341	0.4375	0.330434782608696
MA0725.1	Vsx1	Vsx1	0.383509538654324	-0.214285714285714	-0.334496804002836	0.433333333333333	0.333685743975315
MA0615.1	Gmeb1	Gmeb1	0.382518115942029	-0.296703296703297	-0.21978021978022	0.370833333333333	0.394202898550725
MA1657.1	Zfp652	Zfp652	0.381884057971014	-0.214285714285714	-0.340659340659341	0.433333333333333	0.330434782608696
MA0132.2	Pdx1	Pdx1	0.38070652173913	-0.0989010989010989	-0.510989010989011	0.520833333333333	0.240579710144928
MA0006.1	Ahr	Ahr	0.380344202898551	-0.428571428571429	-0.0384615384615385	0.270833333333333	0.489855072463768
MA0672.1	Nkx2-3	Nkx2-3	0.379443609190376	0.021978021978022	-0.689540712410112	0.6125	0.146387218380752
MA1606.1	Foxf1	Foxf1	0.379166666666667	-0.401098901098901	-0.0824175824175824	0.291666666666667	0.466666666666667
MA1106.1	Hif1a	Hif1a	0.377898550724638	-0.412087912087912	-0.0714285714285714	0.283333333333333	0.472463768115942
MA0895.1	Hmbox1	Hmbox1	0.376539855072464	0.0659340659340659	-0.763736263736264	0.645833333333333	0.107246376811594
MA1559.1	Snai3	Snai3	0.3762130698414	-0.186813186813187	-0.401650998952933	0.454166666666667	0.298259473016134
MA0852.2	Foxk1	Foxk1	0.375996376811594	-0.516483516483517	0.0714285714285714	0.204166666666667	0.547826086956522
MA0820.1	Figla	Figla	0.375813687170767	0.0604395604395604	-0.758590966220718	0.641666666666667	0.109960707674868
MA1635.1	Bhlhe22	Bhlhe22	0.375750635649538	-0.291208791208791	-0.253335502207797	0.375	0.376501271299075
MA0739.1	Hic1	Hic1	0.375651637713449	-0.153846153846154	-0.451169615262198	0.479166666666667	0.272136608760232
MA0032.2	Foxc1	Foxc1	0.372599407033693	-0.428571428571429	-0.0678236766305028	0.270833333333333	0.474365480734054
MA0832.1	Tcf21	Tcf21	0.372554347826087	-0.307692307692308	-0.241758241758242	0.3625	0.382608695652174
MA0037.3	Gata3	Gata3	0.371739130434783	-0.126373626373626	-0.505494505494506	0.5	0.243478260869565
MA1108.2	Mxi1	Mxi1	0.371467391304348	-0.241758241758242	-0.340659340659341	0.4125	0.330434782608696
MA0038.2	Gfi1	Gfi1	0.37066979534555	-0.225274725274725	-0.367378248415224	0.425	0.316339590691099
MA1616.1	Prdm15	Prdm15	0.370561594202899	-0.362637362637363	-0.17032967032967	0.320833333333333	0.420289855072464
MA0608.1	Creb3l2	Creb3l2	0.370289855072464	-0.302197802197802	-0.258241758241758	0.366666666666667	0.373913043478261
MA1120.1	Sox13	Sox13	0.36929347826087	-0.373626373626374	-0.159340659340659	0.3125	0.426086956521739
MA1101.2	Bach2	Bach2	0.36893115942029	-0.351648351648352	-0.192307692307692	0.329166666666667	0.408695652173913
MA1541.1	Nr6a1	Nr6a1	0.36893115942029	-0.175824175824176	-0.445054945054945	0.4625	0.27536231884058
MA1130.1	Fosl2	Fosl2	0.368840579710145	-0.478021978021978	-0.010989010989011	0.233333333333333	0.504347826086957
MA0877.2	Barhl1	Barhl1	0.368840579710145	-0.39010989010989	-0.137362637362637	0.3	0.43768115942029
MA0802.1	Tbr1	Tbr1	0.368545603102154	-0.032967032967033	-0.65187381241491	0.570833333333333	0.166257872870975
MA0083.3	Srf	Srf	0.36820652173913	-0.307692307692308	-0.258241758241758	0.3625	0.373913043478261
MA0813.1	Tfap2b	Tfap2b	0.36820652173913	-0.131868131868132	-0.510989010989011	0.495833333333333	0.240579710144928
MA0681.2	Phox2b	Phox2b	0.368160452572043	-0.225274725274725	-0.3768916907983	0.425	0.311320905144085
MA0517.1	Stat1	Stat1	0.368115942028985	-0.521978021978022	0.0494505494505495	0.2	0.536231884057971
MA1123.2	Twist1	Twist1	0.367994707362886	-0.450549450549451	-0.0536876479099359	0.254166666666667	0.481822748059106
MA0902.2	Hoxb2	Hoxb2	0.367663043478261	-0.0989010989010989	-0.56043956043956	0.520833333333333	0.214492753623188
MA0604.1	Atf1	Atf1	0.365579710144928	-0.543956043956044	0.0714285714285714	0.183333333333333	0.547826086956522
MA0729.1	Rara	Rara	0.365579710144928	-0.28021978021978	-0.307692307692308	0.383333333333333	0.347826086956522
MA1139.1	Fosl2	Fosl2	0.364673913043478	-0.489010989010989	-0.010989010989011	0.225	0.504347826086957
MA1144.1	Fosl2	Fosl2	0.364673913043478	-0.489010989010989	-0.010989010989011	0.225	0.504347826086957
MA0674.1	Nkx6-1	Nkx6-1	0.364319367723491	-0.197802197802198	-0.430945803685667	0.445833333333333	0.282805402113648
MA0774.1	Meis2	Meis2	0.36231884057971	-0.0824175824175824	-0.604395604395604	0.533333333333333	0.191304347826087
MA1129.1	Jun	Jun	0.361865942028986	-0.626373626373626	0.175824175824176	0.120833333333333	0.602898550724638
MA0058.3	Max	Max	0.361413043478261	-0.642857142857143	0.197802197802198	0.108333333333333	0.614492753623188
MA0142.1	Pou5f1	Pou5f1	0.361189224307548	-0.225274725274725	-0.403321072680176	0.425	0.297378448615096
MA0142.1	Pou5f1	Pou5f1	0.361189224307548	-0.225274725274725	-0.403321072680176	0.425	0.297378448615096
MA0464.2	Bhlhe40	Bhlhe40	0.360688405797101	-0.335164835164835	-0.247252747252747	0.341666666666667	0.379710144927536
MA1138.1	Fosl2	Fosl2	0.360507246376812	-0.5	-0.010989010989011	0.216666666666667	0.504347826086957
MA0080.5	Spi1	Spi1	0.359782608695652	-0.104395604395604	-0.582417582417582	0.516666666666667	0.202898550724638
MA0036.3	Gata2	Gata2	0.359420289855072	-0.258241758241758	-0.362637362637363	0.4	0.318840579710145
MA0803.1	Tbx15	Tbx15	0.359239130434783	-0.0714285714285714	-0.631868131868132	0.541666666666667	0.176811594202899
MA0087.1	Sox5	Sox5	0.359148550724638	-0.461538461538462	-0.0714285714285714	0.245833333333333	0.472463768115942
MA0764.2	Etv4	Etv4	0.359148550724638	-0.285714285714286	-0.324175824175824	0.379166666666667	0.339130434782609
MA0144.2	Stat3	Stat3	0.359148550724638	-0.373626373626374	-0.197802197802198	0.3125	0.405797101449275
MA1489.1	Foxn3	Foxn3	0.359057971014493	-0.5	-0.0164835164835165	0.216666666666667	0.501449275362319
MA0839.1	Creb3l1	Creb3l1	0.358514492753623	-0.203296703296703	-0.445054945054945	0.441666666666667	0.27536231884058
MA1100.2	Ascl1	Ascl1	0.358487072258414	-0.148351648351648	-0.524142418360959	0.483333333333333	0.233640811183494
MA0847.2	Foxd2	Foxd2	0.357818400010268	-0.532967032967033	0.026207120918048	0.191666666666667	0.523970133353869
MA0521.1	Tcf12	Tcf12	0.357789855072464	-0.0714285714285714	-0.637362637362637	0.541666666666667	0.173913043478261
MA0100.3	Myb	Myb	0.35552536231884	0.021978021978022	-0.78021978021978	0.6125	0.0985507246376811
MA1472.1	Bhlha15	Bhlha15	0.354882410595096	-0.247252747252747	-0.395638113677933	0.408333333333333	0.301431487856858
MA0647.1	Grhl1	Grhl1	0.354800724637681	-0.285714285714286	-0.340659340659341	0.379166666666667	0.330434782608696
MA0740.1	Klf14	Klf14	0.352291211514856	-0.252747252747253	-0.397563538762359	0.404166666666667	0.300415756363045
MA0866.1	Sox21	Sox21	0.352237072258414	-0.164835164835165	-0.524142418360959	0.470833333333333	0.233640811183494
MA1515.1	Klf2	Klf2	0.352083333333333	-0.296703296703297	-0.335164835164835	0.370833333333333	0.333333333333333
MA0523.1	Tcf7l2	Tcf7l2	0.351811594202899	-0.412087912087912	-0.17032967032967	0.283333333333333	0.420289855072464
MA0139.1	Ctcf	Ctcf	0.351721014492754	-0.362637362637363	-0.241758241758242	0.320833333333333	0.382608695652174
MA0718.1	Rax	Rax	0.351544656295341	-0.428571428571429	-0.147646632726454	0.270833333333333	0.432255979257349
MA0684.2	Runx3	Runx3	0.351449275362319	-0.126373626373626	-0.582417582417582	0.5	0.202898550724638
MA0101.1	Rel	Rel	0.351358695652174	-0.164835164835165	-0.527472527472527	0.470833333333333	0.231884057971014
MA0028.2	Elk1	Elk1	0.34945652173913	-0.445054945054945	-0.131868131868132	0.258333333333333	0.440579710144928
MA0513.1	Smad3	Smad3	0.348369565217391	-0.115384615384615	-0.60989010989011	0.508333333333333	0.188405797101449
MA0067.1	Pax2	Pax2	0.348278985507246	-0.241758241758242	-0.428571428571429	0.4125	0.284057971014493
MA0031.1	Foxd1	Foxd1	0.348197099384866	-0.340659340659341	-0.286711546288145	0.3375	0.358894198769732
MA0035.4	Gata1	Gata1	0.347826086956522	0.00549450549450549	-0.785714285714286	0.6	0.0956521739130435
MA0018.4	Creb1	Creb1	0.346648550724638	-0.494505494505495	-0.0714285714285714	0.220833333333333	0.472463768115942
MA0708.1	Msx2	Msx2	0.345987072258414	-0.181318681318681	-0.524142418360959	0.458333333333333	0.233640811183494
MA0709.1	Msx3	Msx3	0.345987072258414	-0.181318681318681	-0.524142418360959	0.458333333333333	0.233640811183494
MA1131.1	Fosl2	Fosl2	0.345923913043478	-0.538461538461538	-0.010989010989011	0.1875	0.504347826086957
MA1145.1	Fosl2	Fosl2	0.345923913043478	-0.538461538461538	-0.010989010989011	0.1875	0.504347826086957
MA0609.2	Crem	Crem	0.345833333333333	-0.576923076923077	0.043956043956044	0.158333333333333	0.533333333333333
MA0845.1	Foxb1	Foxb1	0.345395282830056	-0.516483516483517	-0.044586565094844	0.204166666666667	0.486623898993445
MA1549.1	Pou6f1	Pou6f1	0.344565217391304	-0.324175824175824	-0.324175824175824	0.35	0.339130434782609
MA0793.1	Pou6f2	Pou6f2	0.344021739130435	-0.554945054945055	0.00549450549450549	0.175	0.51304347826087
MA0785.1	Pou2f1	Pou2f1	0.343297101449275	-0.423076923076923	-0.186813186813187	0.275	0.411594202898551
MA0105.4	Nfkb1	Nfkb1	0.34320652173913	-0.285714285714286	-0.384615384615385	0.379166666666667	0.307246376811594
MA0781.1	Pax9	Pax9	0.342934782608696	-0.313186813186813	-0.346153846153846	0.358333333333333	0.327536231884058
MA0613.1	Foxg1	Foxg1	0.342746695446936	-0.373626373626374	-0.259985055723155	0.3125	0.372993390893872
MA1583.1	Zfp57	Zfp57	0.342210144927536	-0.181318681318681	-0.538461538461538	0.458333333333333	0.226086956521739
MA0692.1	Tfeb	Tfeb	0.341847826086956	-0.247252747252747	-0.445054945054945	0.408333333333333	0.27536231884058
MA0164.1	Nr2e3	Nr2e3	0.341553311085549	-0.115384615384615	-0.635731952477863	0.508333333333333	0.174773288837765
MA0773.1	Mef2d	Mef2d	0.339402173913043	-0.582417582417582	0.0274725274725275	0.154166666666667	0.52463768115942
MA1649.1	Zbtb12	Zbtb12	0.339039855072464	-0.208791208791209	-0.510989010989011	0.4375	0.240579710144928
MA0766.2	Gata5	Gata5	0.338723324802747	-0.28021978021978	-0.409510471901674	0.383333333333333	0.29411331627216
MA1142.1	Fosl1	Fosl1	0.338677536231884	-0.274725274725275	-0.417582417582418	0.3875	0.289855072463768
MA0610.1	Dmrt3	Dmrt3	0.336775362318841	-0.115384615384615	-0.653846153846154	0.508333333333333	0.165217391304348
MA0743.2	Scrt1	Scrt1	0.336715959094522	-0.379120879120879	-0.274950484751538	0.308333333333333	0.36509858485571
MA1548.1	Plagl2	Plagl2	0.336684782608696	-0.417582417582418	-0.21978021978022	0.279166666666667	0.394202898550725
MA1521.1	Mafa	Mafa	0.336655037343838	-0.302197802197802	-0.38575837490523	0.366666666666667	0.306643408021009
MA1651.1	Zfp42	Zfp42	0.336349020444091	-0.274725274725275	-0.426410307107565	0.3875	0.285198040888183
MA1568.1	Tcf21	Tcf21	0.335054347826087	-0.406593406593407	-0.241758241758242	0.2875	0.382608695652174
MA0810.1	Tfap2a	Tfap2a	0.334692028985507	-0.472527472527473	-0.148351648351648	0.2375	0.431884057971014
MA0490.2	Junb	Junb	0.334510869565217	-0.285714285714286	-0.417582417582418	0.379166666666667	0.289855072463768
MA1121.1	Tead2	Tead2	0.333786231884058	-0.153846153846154	-0.60989010989011	0.479166666666667	0.188405797101449
MA0913.2	Hoxd9	Hoxd9	0.333605341246882	-0.417582417582418	-0.231455024943138	0.279166666666667	0.388044015827098
MA0159.1	Rara	Rara	0.332246376811594	-0.368131868131868	-0.307692307692308	0.316666666666667	0.347826086956522
MA0700.2	Lhx2	Lhx2	0.332246376811594	-0.456043956043956	-0.181318681318681	0.25	0.414492753623188
MA1529.1	Nhlh2	Nhlh2	0.332203302025655	-0.230769230769231	-0.505314404408232	0.420833333333333	0.243573270717976
MA1099.2	Hes1	Hes1	0.33143115942029	-0.626373626373626	0.0604395604395604	0.120833333333333	0.542028985507246
MA1631.1	Ascl1	Ascl1	0.33140373892508	-0.21978021978022	-0.524142418360959	0.429166666666667	0.233640811183494
MA0731.1	Bcl6b	Bcl6b	0.331340579710145	-0.137362637362637	-0.642857142857143	0.491666666666667	0.171014492753623
MA0163.1	Plag1	Plag1	0.330525362318841	-0.307692307692308	-0.401098901098901	0.3625	0.298550724637681
MA0162.4	Egr1	Egr1	0.330525362318841	-0.395604395604396	-0.274725274725275	0.295833333333333	0.365217391304348
MA0057.1	Mzf1	Mzf1	0.329619565217391	-0.516483516483517	-0.104395604395604	0.204166666666667	0.455072463768116
MA0912.2	Hoxd3	Hoxd3	0.327083333333333	-0.0989010989010989	-0.714285714285714	0.520833333333333	0.133333333333333
MA0830.2	Tcf4	Tcf4	0.326721014492754	-0.164835164835165	-0.620879120879121	0.470833333333333	0.182608695652174
MA0479.1	Foxh1	Foxh1	0.326434416280341	-0.313186813186813	-0.40871018003607	0.358333333333333	0.294535499227349
MA0754.1	Cux1	Cux1	0.325	-0.28021978021978	-0.461538461538462	0.383333333333333	0.266666666666667
MA1629.1	Zic2	Zic2	0.324655068334949	-0.203296703296703	-0.573423092576291	0.441666666666667	0.207643470003232
MA0804.1	Tbx19	Tbx19	0.324622345478872	-0.225274725274725	-0.541953745162519	0.425	0.224244690957744
MA0809.2	Tead4	Tead4	0.324365942028985	-0.197802197802198	-0.582417582417582	0.445833333333333	0.202898550724638
MA0782.2	Pknox1	Pknox1	0.32427536231884	-0.236263736263736	-0.527472527472527	0.416666666666667	0.231884057971014
MA1622.1	Smad2	Smad2	0.324184782608696	-0.450549450549451	-0.21978021978022	0.254166666666667	0.394202898550725
MA0734.2	Gli2	Gli2	0.324094202898551	-0.225274725274725	-0.543956043956044	0.425	0.223188405797101
MA0634.1	Alx3	Alx3	0.322760740099412	-0.302197802197802	-0.438434556765966	0.366666666666667	0.278854813532157
MA0473.3	Elf1	Elf1	0.322644927536232	-0.225274725274725	-0.54945054945055	0.425	0.220289855072464
MA0468.1	Duxbl1	Duxbl1	0.322121228862295	-0.39010989010989	-0.314485451016575	0.3	0.344242457724589
MA0478.1	Fosl2	Fosl2	0.320923913043478	-0.604395604395604	-0.010989010989011	0.1375	0.504347826086957
MA0671.1	Nfix	Nfix	0.31875	-0.296703296703297	-0.461538461538462	0.370833333333333	0.266666666666667
MA1554.1	Rfx7	Rfx7	0.318115942028985	-0.478021978021978	-0.203296703296703	0.233333333333333	0.402898550724638
MA0747.1	Sp8	Sp8	0.317496721070887	-0.274725274725275	-0.497883310225758	0.3875	0.247493442141774
MA1507.1	Hoxd4	Hoxd4	0.316757246376812	-0.175824175824176	-0.642857142857143	0.4625	0.171014492753623
MA0850.1	Foxp3	Foxp3	0.316666666666667	-0.478021978021978	-0.208791208791209	0.233333333333333	0.4
MA0761.2	Etv1	Etv1	0.316394927536232	-0.153846153846154	-0.675824175824176	0.479166666666667	0.153623188405797
MA0607.1	Bhlha15	Bhlha15	0.315299077261762	-0.351648351648352	-0.395638113677933	0.329166666666667	0.301431487856858
MA1632.1	Atf2	Atf2	0.314945652173913	-0.417582417582418	-0.302197802197802	0.279166666666667	0.350724637681159
MA0719.1	Rhox13	Rhox13	0.313864799067251	-0.362637362637363	-0.385279058481302	0.320833333333333	0.306896264801168
MA0777.1	Mybl2	Mybl2	0.313677536231884	-0.428571428571429	-0.291208791208791	0.270833333333333	0.356521739130435
MA0077.1	Sox9	Sox9	0.313496376811594	-0.32967032967033	-0.434065934065934	0.345833333333333	0.281159420289855
MA0145.3	Tfcp2	Tfcp2	0.313224637681159	-0.532967032967033	-0.142857142857143	0.191666666666667	0.434782608695652
MA1470.1	Bach2	Bach2	0.31268115942029	-0.5	-0.192307692307692	0.216666666666667	0.408695652173913
MA1502.1	Hoxb8	Hoxb8	0.312101832306772	-0.269230769230769	-0.526234811584218	0.391666666666667	0.232536997946877
MA0612.2	Emx1	Emx1	0.311914068195636	-0.032967032967033	-0.866575785412149	0.570833333333333	0.0529948030579388
MA0039.4	Klf4	Klf4	0.311865942028985	-0.230769230769231	-0.582417582417582	0.420833333333333	0.202898550724638
MA0009.2	T	T	0.311233008500565	-0.291208791208791	-0.497935297442911	0.375	0.247466017001131
MA0033.2	Foxl1	Foxl1	0.310688674580216	-0.478021978021978	-0.231455024943138	0.233333333333333	0.388044015827098
MA0879.1	Dlx1	Dlx1	0.310004380447183	-0.456043956043956	-0.265642733469469	0.25	0.370008760894367
MA0594.2	Hoxa9	Hoxa9	0.309641600311672	-0.362637362637363	-0.401290086730475	0.320833333333333	0.29844986729001
MA0904.2	Hoxb5	Hoxb5	0.309085317310443	-0.43956043956044	-0.29282214865821	0.2625	0.355670634620886
MA0662.1	Mixl1	Mixl1	0.308577220251653	-0.43956043956044	-0.294748450694282	0.2625	0.354654440503306
MA0881.1	Dlx4	Dlx4	0.306884057971014	-0.412087912087912	-0.340659340659341	0.283333333333333	0.330434782608696
MA0901.2	Hoxb13	Hoxb13	0.306599114470722	-0.192307692307692	-0.657673686896715	0.45	0.163198228941443
MA1103.2	Foxk2	Foxk2	0.305615942028985	-0.335164835164835	-0.456043956043956	0.341666666666667	0.269565217391304
MA0772.1	Irf7	Irf7	0.304800724637681	-0.593406593406593	-0.0879120879120879	0.145833333333333	0.463768115942029
MA1514.1	Klf17	Klf17	0.304744263855666	-0.324175824175824	-0.475145373294454	0.35	0.259488527711332
MA0498.2	Meis1	Meis1	0.304438405797101	-0.043956043956044	-0.879120879120879	0.5625	0.0463768115942029
MA0779.1	Pax1	Pax1	0.304323482456245	-0.340659340659341	-0.45304558849006	0.3375	0.27114696491249
MA0640.2	Elf3	Elf3	0.303804347826087	-0.313186813186813	-0.494505494505495	0.358333333333333	0.249275362318841
MA1540.1	Nr5a1	Nr5a1	0.30359068095968	-0.21978021978022	-0.629587528229784	0.429166666666667	0.178014695252693
MA0909.2	Hoxd13	Hoxd13	0.30354830514883	-0.401098901098901	-0.369102579380809	0.291666666666667	0.315429943630993
MA1467.1	Atoh1	Atoh1	0.3022282971668	-0.175824175824176	-0.697939422829167	0.4625	0.141956594333599
MA0099.3	Fos	Fos	0.301268115942029	-0.423076923076923	-0.346153846153846	0.275	0.327536231884058
MA0124.2	Nkx3-1	Nkx3-1	0.29996732105418	-0.357142857142857	-0.44586565094844	0.325	0.274934642108359
MA0092.1	Hand1	Hand1	0.299409523122683	-0.225274725274725	-0.637540818930489	0.425	0.173819046245365
MA0476.1	Fos	Fos	0.299184782608696	-0.428571428571429	-0.346153846153846	0.270833333333333	0.327536231884058
MA0702.2	Lmx1a	Lmx1a	0.299094202898551	-0.467032967032967	-0.291208791208791	0.241666666666667	0.356521739130435
MA0002.2	Runx1	Runx1	0.298007246376812	-0.225274725274725	-0.642857142857143	0.425	0.171014492753623
MA0048.2	Nhlh1	Nhlh1	0.297116043791538	-0.296703296703297	-0.543557306504609	0.370833333333333	0.223398754249743
MA1141.1	Fos	Fos	0.297101449275362	-0.434065934065934	-0.346153846153846	0.266666666666667	0.327536231884058
MA1132.1	Junb	Junb	0.297010869565217	-0.384615384615385	-0.417582417582418	0.304166666666667	0.289855072463768
MA0156.2	Fev	Fev	0.296478707182043	-0.373626373626374	-0.435396659584561	0.3125	0.280457414364087
MA1558.1	Snai1	Snai1	0.296167291808949	-0.28021978021978	-0.570849278306732	0.383333333333333	0.209001250284564
MA0685.1	Sp4	Sp4	0.296014492753623	-0.456043956043956	-0.318681318681319	0.25	0.342028985507246
MA0091.1	Tal1	Tal1	0.296014492753623	-0.192307692307692	-0.697802197802198	0.45	0.142028985507246
MA0762.1	Etv2	Etv2	0.294356027812294	-0.263736263736264	-0.601411213239106	0.395833333333333	0.192878722291254
MA0791.1	Pou4f3	Pou4f3	0.293711544916042	-0.335164835164835	-0.501176011032588	0.341666666666667	0.245756423165417
MA1478.1	Dmrta2	Dmrta2	0.293659420289855	-0.313186813186813	-0.532967032967033	0.358333333333333	0.228985507246377
MA1109.1	Neurod1	Neurod1	0.293145580802423	-0.335164835164835	-0.503321699155649	0.341666666666667	0.244624494938179
MA1474.1	Creb3l4	Creb3l4	0.293139319331457	-0.208791208791209	-0.685007525611508	0.4375	0.148778638662914
MA0882.1	Dlx6	Dlx6	0.292993938962307	-0.434065934065934	-0.361726275362682	0.266666666666667	0.319321211257948
MA1134.1	Fos	Fos	0.292934782608696	-0.445054945054945	-0.346153846153846	0.258333333333333	0.327536231884058
MA0790.1	Pou4f1	Pou4f1	0.292300724637681	-0.362637362637363	-0.467032967032967	0.320833333333333	0.263768115942029
MA0645.1	Etv6	Etv6	0.291847826086956	-0.379120879120879	-0.445054945054945	0.308333333333333	0.27536231884058
MA0682.2	Pitx1	Pitx1	0.291673198814486	-0.236263736263736	-0.651074136362664	0.416666666666667	0.166679730962305
MA0812.1	Tfap2b	Tfap2b	0.291123188405797	-0.335164835164835	-0.510989010989011	0.341666666666667	0.240579710144928
MA1468.1	Atoh7	Atoh7	0.290025830526673	-0.494505494505495	-0.286097126025249	0.220833333333333	0.359218327720014
MA0854.1	Alx1	Alx1	0.289945652173913	-0.131868131868132	-0.807692307692308	0.495833333333333	0.0840579710144927
MA0840.1	Creb5	Creb5	0.289311594202899	-0.489010989010989	-0.296703296703297	0.225	0.353623188405797
MA0069.1	Pax6	Pax6	0.289039855072464	-0.340659340659341	-0.510989010989011	0.3375	0.240579710144928
MA0620.3	Mitf	Mitf	0.28786231884058	-0.225274725274725	-0.681318681318681	0.425	0.150724637681159
MA0880.1	Dlx3	Dlx3	0.287819214339444	-0.346153846153846	-0.507718363218591	0.333333333333333	0.242305095345555
MA0518.1	Stat4	Stat4	0.287590579710145	-0.252747252747253	-0.642857142857143	0.404166666666667	0.171014492753623
MA0516.2	Sp2	Sp2	0.2875	-0.379120879120879	-0.461538461538462	0.308333333333333	0.266666666666667
MA0618.1	Lbx1	Lbx1	0.286369968692321	-0.351648351648352	-0.505314404408232	0.329166666666667	0.243573270717976
MA0792.1	Pou5f1	Pou5f1	0.286189224307548	-0.423076923076923	-0.403321072680176	0.275	0.297378448615096
MA0712.2	Otx2	Otx2	0.285296787157132	-0.302197802197802	-0.58046822451417	0.366666666666667	0.203926907647598
MA1569.1	Tfap2e	Tfap2e	0.285144927536232	-0.324175824175824	-0.54945054945055	0.35	0.220289855072464
MA0769.2	Tcf7	Tcf7	0.284782608695652	-0.302197802197802	-0.582417582417582	0.366666666666667	0.202898550724638
MA0641.1	Elf4	Elf4	0.283695652173913	-0.5	-0.302197802197802	0.216666666666667	0.350724637681159
MA0524.2	Tfap2c	Tfap2c	0.283061594202899	-0.505494505494506	-0.296703296703297	0.2125	0.353623188405797
MA0898.1	Hmx3	Hmx3	0.282971552058982	-0.39010989010989	-0.462910049886276	0.3	0.265943104117965
MA1119.1	Six2	Six2	0.282066341833899	-0.368131868131868	-0.497935297442911	0.316666666666667	0.247466017001131
MA0704.1	Lhx4	Lhx4	0.28070652173913	-0.362637362637363	-0.510989010989011	0.320833333333333	0.240579710144928
MA0720.1	Shox2	Shox2	0.280226766246401	-0.142857142857143	-0.828741930164745	0.4875	0.0729535324928013
MA0894.1	Hesx1	Hesx1	0.280072463768116	-0.456043956043956	-0.379120879120879	0.25	0.310144927536232
MA0051.1	Irf2	Irf2	0.279981884057971	-0.582417582417582	-0.197802197802198	0.154166666666667	0.405797101449275
MA0074.1	Vdr	Vdr	0.279166666666667	-0.137362637362637	-0.840659340659341	0.491666666666667	0.0666666666666667
MA0726.1	Vsx2	Vsx2	0.278985507246377	-0.214285714285714	-0.730769230769231	0.433333333333333	0.12463768115942
MA1135.1	Junb	Junb	0.278260869565217	-0.434065934065934	-0.417582417582418	0.266666666666667	0.289855072463768
MA1546.1	Pax3	Pax3	0.278079710144927	-0.423076923076923	-0.434065934065934	0.275	0.281159420289855
MA0471.2	E2f6	E2f6	0.277264492753623	-0.505494505494506	-0.318681318681319	0.2125	0.342028985507246
MA0103.3	Zeb1	Zeb1	0.276268115942029	-0.401098901098901	-0.472527472527473	0.291666666666667	0.260869565217391
MA1134.1	Junb	Junb	0.274094202898551	-0.445054945054945	-0.417582417582418	0.258333333333333	0.289855072463768
MA0030.1	Foxf2	Foxf2	0.273340108403319	-0.417582417582418	-0.4599331055039	0.279166666666667	0.267513550139972
MA0789.1	Pou3f4	Pou3f4	0.273070405591747	-0.373626373626374	-0.524142418360959	0.3125	0.233640811183494
MA1420.1	Irf5	Irf5	0.273007246376812	-0.203296703296703	-0.769230769230769	0.441666666666667	0.104347826086957
MA0768.1	Lef1	Lef1	0.271557971014493	-0.203296703296703	-0.774725274725275	0.441666666666667	0.101449275362319
MA1495.1	Hoxa1	Hoxa1	0.27130888876859	-0.43956043956044	-0.436040476646554	0.2625	0.28011777753718
MA1114.1	Pbx3	Pbx3	0.270742753623188	-0.10989010989011	-0.912087912087912	0.5125	0.0289855072463768
MA0483.1	Gfi1b	Gfi1b	0.270152021695848	-0.307692307692308	-0.629986840823435	0.3625	0.177804043391695
MA0823.1	Hey1	Hey1	0.270127900543683	-0.335164835164835	-0.590586530905816	0.341666666666667	0.1985891344207
MA1117.1	Relb	Relb	0.270108695652174	-0.467032967032967	-0.401098901098901	0.241666666666667	0.298550724637681
MA0135.1	Lhx3	Lhx3	0.269824255663788	-0.302197802197802	-0.639127821933991	0.366666666666667	0.172981844660909
MA0859.1	Rarg	Rarg	0.26893115942029	-0.263736263736264	-0.697802197802198	0.395833333333333	0.142028985507246
MA1628.1	Zic2	Zic2	0.268405068334949	-0.351648351648352	-0.573423092576291	0.329166666666667	0.207643470003232
MA1648.1	Tcf12	Tcf12	0.26820652173913	-0.307692307692308	-0.637362637362637	0.3625	0.173913043478261
MA1133.1	Junb	Junb	0.267844202898551	-0.461538461538462	-0.417582417582418	0.245833333333333	0.289855072463768
MA0119.1	Tlx1	Tlx1	0.266987896496869	-0.483516483516484	-0.389235447347035	0.229166666666667	0.304809126327071
MA1621.1	Rbpjl	Rbpjl	0.266525653916547	-0.137362637362637	-0.888584059327378	0.491666666666667	0.0413846411664266
MA0151.1	Arid3a	Arid3a	0.265851449275362	-0.340659340659341	-0.598901098901099	0.3375	0.194202898550725
MA1128.1	Fosl1	Fosl1	0.265760869565217	-0.467032967032967	-0.417582417582418	0.241666666666667	0.289855072463768
MA1628.1	Zic1	Zic1	0.265095516920693	-0.351648351648352	-0.585970292992977	0.329166666666667	0.201024367174719
MA0467.1	Crx	Crx	0.263858695652174	-0.307692307692308	-0.653846153846154	0.3625	0.165217391304348
MA1126.1	Fos	Fos	0.263768115942029	-0.521978021978022	-0.346153846153846	0.2	0.327536231884058
MA0707.1	Mnx1	Mnx1	0.263678483060996	-0.351648351648352	-0.5913425642193	0.329166666666667	0.198190299455326
MA0079.4	Sp1	Sp1	0.2625	-0.445054945054945	-0.461538461538462	0.258333333333333	0.266666666666667
MA0853.1	Alx4	Alx4	0.26231884057971	-0.346153846153846	-0.604395604395604	0.333333333333333	0.191304347826087
MA0911.1	Hoxa11	Hoxa11	0.261976742640661	-0.571428571428571	-0.281860151527163	0.1625	0.361453485281323
MA0472.2	Egr2	Egr2	0.260144927536232	-0.653846153846154	-0.17032967032967	0.1	0.420289855072464
MA0851.1	Foxj3	Foxj3	0.260144927536232	-0.478021978021978	-0.423076923076923	0.233333333333333	0.28695652173913
MA0680.1	Pax7	Pax7	0.259510869565217	-0.307692307692308	-0.67032967032967	0.3625	0.156521739130435
MA1143.1	Fosl1	Fosl1	0.259510869565217	-0.483516483516484	-0.417582417582418	0.229166666666667	0.289855072463768
MA0873.1	Hoxd12	Hoxd12	0.258487072258414	-0.412087912087912	-0.524142418360959	0.283333333333333	0.233640811183494
MA0811.1	Tfap2b	Tfap2b	0.257789855072464	-0.423076923076923	-0.510989010989011	0.275	0.240579710144928
MA1506.1	Hoxd10	Hoxd10	0.257633809977258	-0.368131868131868	-0.590564127009295	0.316666666666667	0.19860095328785
MA1483.1	Elf2	Elf2	0.257518115942029	-0.626373626373626	-0.21978021978022	0.120833333333333	0.394202898550725
MA1139.1	Junb	Junb	0.257427536231884	-0.489010989010989	-0.417582417582418	0.225	0.289855072463768
MA0861.1	Trp73	Trp73	0.257155797101449	-0.340659340659341	-0.631868131868132	0.3375	0.176811594202899
MA0601.1	Arid3b	Arid3b	0.257065217391304	-0.467032967032967	-0.450549450549451	0.241666666666667	0.272463768115942
MA1508.1	Ikzf1	Ikzf1	0.255797101449275	-0.302197802197802	-0.692307692307692	0.366666666666667	0.144927536231884
MA0503.1	Nkx2-5	Nkx2-5	0.255417917693099	-0.423076923076923	-0.519981520833855	0.275	0.235835835386198
MA0818.1	Bhlhe22	Bhlhe22	0.254917302316204	-0.60989010989011	-0.253335502207797	0.133333333333333	0.376501271299075
MA0711.1	Otx1	Otx1	0.254365908814395	-0.626373626373626	-0.231730895154218	0.120833333333333	0.387898484295456
MA0860.1	Rarg	Rarg	0.254347826086956	-0.302197802197802	-0.697802197802198	0.366666666666667	0.142028985507246
MA0683.1	Pou4f2	Pou4f2	0.253804885392316	-0.467032967032967	-0.462910049886276	0.241666666666667	0.265943104117965
MA1138.1	Junb	Junb	0.253260869565217	-0.5	-0.417582417582418	0.216666666666667	0.289855072463768
MA1421.1	Tcf7l1	Tcf7l1	0.251721014492754	-0.274725274725275	-0.747252747252747	0.3875	0.115942028985507
MA1136.1	Junb	Junb	0.251177536231884	-0.505494505494506	-0.417582417582418	0.2125	0.289855072463768
MA0481.3	Foxp1	Foxp1	0.251086956521739	-0.456043956043956	-0.489010989010989	0.25	0.252173913043478
MA1140.2	Junb	Junb	0.249094202898551	-0.510989010989011	-0.417582417582418	0.208333333333333	0.289855072463768
MA0905.1	Hoxc10	Hoxc10	0.249004254407814	-0.527472527472527	-0.3942283761462	0.195833333333333	0.302175175482295
MA0759.1	Elk3	Elk3	0.248822463768116	-0.362637362637363	-0.631868131868132	0.320833333333333	0.176811594202899
MA1118.1	Six1	Six1	0.248472199825952	-0.252747252747253	-0.791163088571942	0.404166666666667	0.0927777329852366
MA0508.3	Prdm1	Prdm1	0.247644927536232	-0.423076923076923	-0.54945054945055	0.275	0.220289855072464
MA0619.1	Lin54	Lin54	0.247282608695652	-0.401098901098901	-0.582417582417582	0.291666666666667	0.202898550724638
MA0477.2	Fosl1	Fosl1	0.247010869565217	-0.516483516483517	-0.417582417582418	0.204166666666667	0.289855072463768
MA0834.1	Atf7	Atf7	0.245108695652174	-0.532967032967033	-0.401098901098901	0.191666666666667	0.298550724637681
MA0751.1	Zic4	Zic4	0.244927536231884	-0.434065934065934	-0.543956043956044	0.266666666666667	0.223188405797101
MA1471.1	Barx2	Barx2	0.243840579710145	-0.456043956043956	-0.516483516483517	0.25	0.23768115942029
MA0786.1	Pou3f1	Pou3f1	0.242706192582629	-0.318681318681319	-0.718243006142779	0.354166666666667	0.131245718498592
MA0715.1	Prop1	Prop1	0.242483008500565	-0.472527472527473	-0.497935297442911	0.2375	0.247466017001131
MA1137.1	Fosl1	Fosl1	0.240760869565217	-0.532967032967033	-0.417582417582418	0.191666666666667	0.289855072463768
MA1137.1	Junb	Junb	0.240760869565217	-0.532967032967033	-0.417582417582418	0.191666666666667	0.289855072463768
MA1464.1	Arnt2	Arnt2	0.240036231884058	-0.313186813186813	-0.736263736263736	0.358333333333333	0.121739130434783
MA0602.1	Arid5a	Arid5a	0.239855072463768	-0.565934065934066	-0.373626373626374	0.166666666666667	0.31304347826087
MA1642.1	Neurog2	Neurog2	0.239737072258414	-0.461538461538462	-0.524142418360959	0.245833333333333	0.233640811183494
MA0136.2	Elf5	Elf5	0.239583333333333	-0.417582417582418	-0.587912087912088	0.279166666666667	0.2
MA1491.1	Gli3	Gli3	0.23768115942029	-0.346153846153846	-0.697802197802198	0.333333333333333	0.142028985507246
MA1530.1	Nkx6-3	Nkx6-3	0.236781465733917	-0.565934065934066	-0.385279058481302	0.166666666666667	0.306896264801168
MA0899.1	Hoxa10	Hoxa10	0.236647263426267	-0.43956043956044	-0.567449935361955	0.2625	0.210794526852534
MA0511.2	Runx2	Runx2	0.235960144927536	-0.373626373626374	-0.664835164835165	0.3125	0.159420289855072
MA0795.1	Smad3	Smad3	0.235869565217391	-0.412087912087912	-0.60989010989011	0.283333333333333	0.188405797101449
MA0140.2	Tal1	Tal1	0.235597826086956	-0.351648351648352	-0.697802197802198	0.329166666666667	0.142028985507246
MA0669.1	Neurog2	Neurog2	0.235570405591747	-0.472527472527473	-0.524142418360959	0.2375	0.233640811183494
MA1594.1	Zfp382	Zfp382	0.235416666666667	-0.428571428571429	-0.587912087912088	0.270833333333333	0.2
MA0695.1	Zbtb7c	Zbtb7c	0.235144927536232	-0.368131868131868	-0.675824175824176	0.316666666666667	0.153623188405797
MA1615.1	Plagl1	Plagl1	0.234692028985507	-0.296703296703297	-0.78021978021978	0.370833333333333	0.0985507246376811
MA1637.1	Ebf3	Ebf3	0.234510869565217	-0.373626373626374	-0.67032967032967	0.3125	0.156521739130435
MA0835.2	Batf3	Batf3	0.234057971014493	-0.39010989010989	-0.648351648351648	0.3	0.168115942028985
MA0722.1	Vax1	Vax1	0.232971552058982	-0.521978021978022	-0.462910049886276	0.2	0.265943104117965
MA0721.1	Uncx	Uncx	0.231354215561218	-0.54945054945055	-0.429549951993185	0.179166666666667	0.283541764455769
MA0624.1	Nfatc1	Nfatc1	0.23088768115942	-0.32967032967033	-0.747252747252747	0.345833333333333	0.115942028985507
MA0736.1	Glis2	Glis2	0.230163043478261	-0.461538461538462	-0.56043956043956	0.245833333333333	0.214492753623188
MA0686.1	Spdef	Spdef	0.229710144927536	-0.39010989010989	-0.664835164835165	0.3	0.159420289855072
MA1604.1	Ebf2	Ebf2	0.229166666666667	-0.357142857142857	-0.714285714285714	0.325	0.133333333333333
MA1528.1	Nfix	Nfix	0.229166666666667	-0.532967032967033	-0.461538461538462	0.191666666666667	0.266666666666667
MA1518.1	Lhx1	Lhx1	0.228623188405797	-0.412087912087912	-0.637362637362637	0.283333333333333	0.173913043478261
MA0063.2	Nkx2-5	Nkx2-5	0.228334584359766	-0.494505494505495	-0.519981520833855	0.220833333333333	0.235835835386198
MA1498.1	Hoxa7	Hoxa7	0.227717391304348	-0.269230769230769	-0.846153846153846	0.391666666666667	0.0637681159420289
MA0098.3	Ets1	Ets1	0.227445652173913	-0.384615384615385	-0.681318681318681	0.304166666666667	0.150724637681159
MA0696.1	Zic1	Zic1	0.22551218358736	-0.456043956043956	-0.585970292992977	0.25	0.201024367174719
MA0152.1	Nfatc2	Nfatc2	0.224547101449275	-0.384615384615385	-0.692307692307692	0.304166666666667	0.144927536231884
MA0874.1	Arx	Arx	0.224388254591535	-0.565934065934066	-0.432264309515607	0.166666666666667	0.282109842516404
MA1622.1	Smad3	Smad3	0.221286231884058	-0.450549450549451	-0.60989010989011	0.254166666666667	0.188405797101449
MA0623.2	Neurog1	Neurog1	0.221105341246882	-0.714285714285714	-0.231455024943138	0.0541666666666666	0.388044015827098
MA0798.2	Rfx3	Rfx3	0.219655797101449	-0.43956043956044	-0.631868131868132	0.2625	0.176811594202899
MA0078.1	Sox17	Sox17	0.21929347826087	-0.681318681318681	-0.285714285714286	0.0791666666666666	0.359420289855073
MA0474.2	Erg	Erg	0.218840579710145	-0.434065934065934	-0.642857142857143	0.266666666666667	0.171014492753623
MA0903.1	Hoxb3	Hoxb3	0.218478260869565	-0.324175824175824	-0.802197802197802	0.35	0.0869565217391304
MA0598.3	Ehf	Ehf	0.218115942028985	-0.302197802197802	-0.835164835164835	0.366666666666667	0.0695652173913043
MA0893.2	Gsx2	Gsx2	0.216820405591747	-0.521978021978022	-0.524142418360959	0.2	0.233640811183494
MA0627.2	Pou2f3	Pou2f3	0.216666666666667	-0.39010989010989	-0.714285714285714	0.3	0.133333333333333
MA1504.1	Hoxc4	Hoxc4	0.216642166990254	-0.318681318681319	-0.817057169102883	0.354166666666667	0.0791176673138413
MA0646.1	Gcm1	Gcm1	0.216304347826087	-0.456043956043956	-0.620879120879121	0.25	0.182608695652174
MA0616.2	Hes2	Hes2	0.214791211514856	-0.615384615384615	-0.397563538762359	0.129166666666667	0.300415756363045
MA1584.1	Zic5	Zic5	0.214586335998572	-0.373626373626374	-0.74586773714827	0.3125	0.116672671997144
MA0703.2	Lmx1b	Lmx1b	0.213768115942029	-0.478021978021978	-0.598901098901099	0.233333333333333	0.194202898550725
MA1564.1	Sp9	Sp9	0.212590579710145	-0.362637362637363	-0.769230769230769	0.320833333333333	0.104347826086957
MA0140.2	Gata1	Gata1	0.212409420289855	-0.351648351648352	-0.785714285714286	0.329166666666667	0.0956521739130435
MA0714.1	Pitx3	Pitx3	0.211503623188406	-0.296703296703297	-0.868131868131868	0.370833333333333	0.0521739130434783
MA0841.1	Nfe2	Nfe2	0.210869565217391	-0.39010989010989	-0.736263736263736	0.3	0.121739130434783
MA0497.1	Mef2c	Mef2c	0.210326086956522	-0.445054945054945	-0.659340659340659	0.258333333333333	0.16231884057971
MA0605.2	Atf3	Atf3	0.210144927536232	-0.521978021978022	-0.54945054945055	0.2	0.220289855072464
MA0599.1	Klf5	Klf5	0.209692028985507	-0.274725274725275	-0.906593406593407	0.3875	0.0318840579710145
MA0864.2	E2f2	E2f2	0.209239130434783	-0.467032967032967	-0.631868131868132	0.241666666666667	0.176811594202899
MA1645.1	Nkx2-2	Nkx2-2	0.208786231884058	-0.483516483516484	-0.60989010989011	0.229166666666667	0.188405797101449
MA0908.1	Hoxd11	Hoxd11	0.208387830600814	-0.401098901098901	-0.729875807062847	0.291666666666667	0.125108994534962
MA0462.2	Batf	Batf	0.207971014492754	-0.39010989010989	-0.747252747252747	0.3	0.115942028985507
MA1634.1	Batf	Batf	0.207971014492754	-0.39010989010989	-0.747252747252747	0.3	0.115942028985507
MA0871.2	Tfec	Tfec	0.207608695652174	-0.456043956043956	-0.653846153846154	0.25	0.165217391304348
MA0737.1	Glis3	Glis3	0.207246376811594	-0.434065934065934	-0.686813186813187	0.266666666666667	0.147826086956522
MA1129.1	Fosl1	Fosl1	0.205344202898551	-0.626373626373626	-0.417582417582418	0.120833333333333	0.289855072463768
MA0849.1	Foxo6	Foxo6	0.204768378691284	-0.478021978021978	-0.633020981884693	0.233333333333333	0.176203424049234
MA0655.1	Jdp2	Jdp2	0.204347826086957	-0.521978021978022	-0.571428571428571	0.2	0.208695652173913
MA0475.2	Fli1	Fli1	0.202626811594203	-0.461538461538462	-0.664835164835165	0.245833333333333	0.159420289855072
MA0693.2	Vdr	Vdr	0.202083333333333	-0.340659340659341	-0.840659340659341	0.3375	0.0666666666666667
MA1640.1	Meis2	Meis2	0.201902173913043	-0.505494505494506	-0.604395604395604	0.2125	0.191304347826087
MA0635.1	Barhl2	Barhl2	0.200641624098166	-0.5	-0.617072963583874	0.216666666666667	0.184616581529666
MA0465.2	Cdx2	Cdx2	0.198768810831293	-0.5	-0.624173189705538	0.216666666666667	0.180870954995919
MA0697.1	Zic3	Zic3	0.197002328881766	-0.401098901098901	-0.773040621272425	0.291666666666667	0.102337991096866
MA0622.1	Mlxip	Mlxip	0.195742753623188	-0.395604395604396	-0.785714285714286	0.295833333333333	0.0956521739130435
MA1505.1	Hoxc8	Hoxc8	0.19499477319973	-0.456043956043956	-0.701668167539484	0.25	0.139989546399461
MA1603.1	Dmrt1	Dmrt1	0.194746376811594	-0.467032967032967	-0.686813186813187	0.241666666666667	0.147826086956522
MA0660.1	Mef2b	Mef2b	0.190126811594203	-0.494505494505495	-0.664835164835165	0.220833333333333	0.159420289855072
MA0507.1	Pou2f2	Pou2f2	0.18768115942029	-0.39010989010989	-0.824175824175824	0.3	0.0753623188405797
MA0732.1	Egr3	Egr3	0.187053461375677	-0.5	-0.668588525553753	0.216666666666667	0.157440256084687
MA1481.1	Prrxl1	Prrxl1	0.18695652173913	-0.521978021978022	-0.637362637362637	0.2	0.173913043478261
MA1135.1	Fosb	Fosb	0.179710144927536	-0.434065934065934	-0.791208791208791	0.266666666666667	0.0927536231884058
MA0600.2	Rfx2	Rfx2	0.179438405797101	-0.54945054945055	-0.626373626373626	0.179166666666667	0.179710144927536
MA0656.1	Jdp2	Jdp2	0.179347826086956	-0.587912087912088	-0.571428571428571	0.15	0.208695652173913
MA1503.1	Hoxb9	Hoxb9	0.179179956163791	-0.428571428571429	-0.801117199159253	0.270833333333333	0.0875265789942489
MA0765.2	Etv5	Etv5	0.178260869565217	-0.434065934065934	-0.796703296703297	0.266666666666667	0.0898550724637681
MA0723.1	Vax2	Vax2	0.176811594202898	-0.521978021978022	-0.675824175824176	0.2	0.153623188405797
MA0485.2	Hoxc9	Hoxc9	0.176630434782609	-0.423076923076923	-0.818681318681319	0.275	0.0782608695652174
MA0757.1	Onecut3	Onecut3	0.175724637681159	-0.543956043956044	-0.648351648351648	0.183333333333333	0.168115942028985
MA0442.2	Sox10	Sox10	0.174365942028985	-0.505494505494506	-0.708791208791209	0.2125	0.136231884057971
MA1473.1	Cdx4	Cdx4	0.173786132240285	-0.516483516483517	-0.695192685462654	0.204166666666667	0.143405597813904
MA0758.1	E2f7	E2f7	0.172373188405797	-0.472527472527473	-0.763736263736264	0.2375	0.107246376811594
MA1116.1	Rbpj	Rbpj	0.170833333333333	-0.335164835164835	-0.967032967032967	0.341666666666667	0
MA0883.1	Dmbx1	Dmbx1	0.167844202898551	-0.461538461538462	-0.796703296703297	0.245833333333333	0.0898550724637681
MA0652.1	Irf8	Irf8	0.167663043478261	-0.626373626373626	-0.56043956043956	0.120833333333333	0.214492753623188
MA0626.1	Npas2	Npas2	0.16177536231884	-0.489010989010989	-0.78021978021978	0.225	0.0985507246376811
MA0461.2	Atoh1	Atoh1	0.160561630500133	-0.54945054945055	-0.697939422829167	0.179166666666667	0.141956594333599
MA0506.1	Nrf1	Nrf1	0.159692028985507	-0.582417582417582	-0.653846153846154	0.154166666666667	0.165217391304348
MA0878.2	Cdx1	Cdx1	0.159057971014493	-0.5	-0.774725274725275	0.216666666666667	0.101449275362319
MA0822.1	Hes7	Hes7	0.158786231884058	-0.527472527472527	-0.736263736263736	0.195833333333333	0.121739130434783
MA1136.1	Fosb	Fosb	0.152626811594203	-0.505494505494506	-0.791208791208791	0.2125	0.0927536231884058
MA1419.1	Irf4	Irf4	0.147192028985507	-0.615384615384615	-0.653846153846154	0.129166666666667	0.165217391304348
MA0735.1	Glis1	Glis1	0.146467391304348	-0.483516483516484	-0.846153846153846	0.229166666666667	0.0637681159420289
MA0755.1	Cux2	Cux2	0.142028985507246	-0.60989010989011	-0.681318681318681	0.133333333333333	0.150724637681159
MA1639.1	Meis1	Meis1	0.135688405797101	-0.489010989010989	-0.879120879120879	0.225	0.0463768115942029
MA0632.2	Tcfl5	Tcfl5	0.132427536231884	-0.554945054945055	-0.796703296703297	0.175	0.0898550724637681
MA1127.1	Fosb	Fosb	0.129710144927536	-0.565934065934066	-0.791208791208791	0.166666666666667	0.0927536231884058
MA1475.1	Creb3l4	Creb3l4	0.128555985998124	-0.642857142857143	-0.685007525611508	0.108333333333333	0.148778638662914
MA1560.1	Sohlh2	Sohlh2	0.126721014492754	-0.604395604395604	-0.747252747252747	0.1375	0.115942028985507
MA1545.1	Ovol2	Ovol2	0.124728260869565	-0.659340659340659	-0.675824175824176	0.0958333333333333	0.153623188405797
MA0649.1	Hey2	Hey2	0.103557793809921	-0.538461538461538	-0.929849572918433	0.1875	0.0196155876198412
MA1544.1	Ovol1	Ovol1	0.0391304347826087	-0.785714285714286	-0.818681318681319	0	0.0782608695652174
