motif.name	name.universal	name.datasetspecific	overall.scale	TFexpress.ExpressionModule.Cor	TFexpress.ExpressionModule.Cor.Scale
MA0638.1	Creb3	ENSG00000107175	1	0.486061991688398	1
MA0059.1	Myc	ENSG00000136997	0.978352591989599	0.470108003191274	0.978352591989599
MA0147.3	Myc	ENSG00000136997	0.978352591989599	0.470108003191274	0.978352591989599
MA1517.1	Klf6	ENSG00000067082	0.966800198552193	0.461593969921052	0.966800198552193
MA0469.3	E2f3	ENSG00000112242	0.958085008314239	0.455170935591041	0.958085008314239
MA1484.1	Ets2	ENSG00000157557	0.956453131758745	0.453968253968254	0.956453131758745
MA0655.1	Jdp2	ENSG00000140044	0.952347588860221	0.450942497529144	0.952347588860221
MA0656.1	Jdp2	ENSG00000140044	0.952347588860221	0.450942497529144	0.952347588860221
MA0652.1	Irf8	ENSG00000140968	0.949956324204646	0.449180152180902	0.949956324204646
MA0474.2	Erg	ENSG00000157554	0.944060564253164	0.444835018278379	0.944060564253164
MA0039.4	Klf4	ENSG00000136826	0.921981759173143	0.428563093154241	0.921981759173143
MA0478.1	Fosl2	ENSG00000075426	0.910946395931536	0.420430107526882	0.910946395931536
MA1130.1	Fosl2	ENSG00000075426	0.910946395931536	0.420430107526882	0.910946395931536
MA1131.1	Fosl2	ENSG00000075426	0.910946395931536	0.420430107526882	0.910946395931536
MA1138.1	Fosl2	ENSG00000075426	0.910946395931536	0.420430107526882	0.910946395931536
MA1139.1	Fosl2	ENSG00000075426	0.910946395931536	0.420430107526882	0.910946395931536
MA1144.1	Fosl2	ENSG00000075426	0.910946395931536	0.420430107526882	0.910946395931536
MA1145.1	Fosl2	ENSG00000075426	0.910946395931536	0.420430107526882	0.910946395931536
MA1122.1	Tfdp1	ENSG00000198176	0.906695438290443	0.417297181438217	0.906695438290443
MA0759.1	Elk3	ENSG00000111145	0.901256926918372	0.41328903654485	0.901256926918372
MA0028.2	Elk1	ENSG00000126767	0.899683216259906	0.412129222781886	0.899683216259906
MA0475.2	Fli1	ENSG00000151702	0.89831631767976	0.411121828076067	0.89831631767976
MA0763.1	Etv3	ENSG00000117036	0.891762959947995	0.406292049202777	0.891762959947995
MA0495.3	Maff	ENSG00000185022	0.890976104618761	0.405712142321295	0.890976104618761
MA0830.2	Tcf4	ENSG00000196628	0.887621871223509	0.40324009573822	0.887621871223509
MA0157.2	Foxo3	ENSG00000118689	0.886581347954462	0.402473237356958	0.886581347954462
MA0488.1	Jun	ENSG00000177606	0.885800955502676	0.401898093571012	0.885800955502676
MA0489.1	Jun	ENSG00000177606	0.885800955502676	0.401898093571012	0.885800955502676
MA0099.3	Jun	ENSG00000177606	0.885800955502676	0.401898093571012	0.885800955502676
MA1126.1	Jun	ENSG00000177606	0.885800955502676	0.401898093571012	0.885800955502676
MA1127.1	Jun	ENSG00000177606	0.885800955502676	0.401898093571012	0.885800955502676
MA1128.1	Jun	ENSG00000177606	0.885800955502676	0.401898093571012	0.885800955502676
MA1129.1	Jun	ENSG00000177606	0.885800955502676	0.401898093571012	0.885800955502676
MA1130.1	Jun	ENSG00000177606	0.885800955502676	0.401898093571012	0.885800955502676
MA1131.1	Jun	ENSG00000177606	0.885800955502676	0.401898093571012	0.885800955502676
MA1132.1	Jun	ENSG00000177606	0.885800955502676	0.401898093571012	0.885800955502676
MA1133.1	Jun	ENSG00000177606	0.885800955502676	0.401898093571012	0.885800955502676
MA0462.2	Jun	ENSG00000177606	0.885800955502676	0.401898093571012	0.885800955502676
MA0066.1	Pparg	ENSG00000132170	0.882915280722367	0.399771371414282	0.882915280722367
MA0065.2	Pparg	ENSG00000132170	0.882915280722367	0.399771371414282	0.882915280722367
MA0259.1	Hif1a	ENSG00000100644	0.880273579565702	0.397824456114029	0.880273579565702
MA1106.1	Hif1a	ENSG00000100644	0.880273579565702	0.397824456114029	0.880273579565702
MA0513.1	Smad2	ENSG00000175387	0.879123187380047	0.396976625108658	0.879123187380047
MA1622.1	Smad2	ENSG00000175387	0.879123187380047	0.396976625108658	0.879123187380047
MA0604.1	Atf1	ENSG00000123268	0.874673496257443	0.393697233832268	0.874673496257443
MA0462.2	Batf	ENSG00000156127	0.871930970850313	0.391676011763676	0.871930970850313
MA1634.1	Batf	ENSG00000156127	0.871930970850313	0.391676011763676	0.871930970850313
MA0838.1	Cebpg	ENSG00000153879	0.870774765437239	0.390823896450303	0.870774765437239
MA1636.1	Cebpg	ENSG00000153879	0.870774765437239	0.390823896450303	0.870774765437239
MA1117.1	Relb	ENSG00000104856	0.869385246786026	0.389799830910108	0.869385246786026
MA1132.1	Junb	ENSG00000171223	0.863066168361733	0.385142714249991	0.863066168361733
MA1133.1	Junb	ENSG00000171223	0.863066168361733	0.385142714249991	0.863066168361733
MA1134.1	Junb	ENSG00000171223	0.863066168361733	0.385142714249991	0.863066168361733
MA1135.1	Junb	ENSG00000171223	0.863066168361733	0.385142714249991	0.863066168361733
MA1136.1	Junb	ENSG00000171223	0.863066168361733	0.385142714249991	0.863066168361733
MA1137.1	Junb	ENSG00000171223	0.863066168361733	0.385142714249991	0.863066168361733
MA1138.1	Junb	ENSG00000171223	0.863066168361733	0.385142714249991	0.863066168361733
MA1139.1	Junb	ENSG00000171223	0.863066168361733	0.385142714249991	0.863066168361733
MA1140.2	Junb	ENSG00000171223	0.863066168361733	0.385142714249991	0.863066168361733
MA0490.2	Junb	ENSG00000171223	0.863066168361733	0.385142714249991	0.863066168361733
MA1512.1	Klf11	ENSG00000172059	0.863006386745344	0.385098655616285	0.863006386745344
MA0620.3	Mitf	ENSG00000187098	0.857684207167327	0.381176246442563	0.857684207167327
MA0089.2	Nfe2l1	ENSG00000082641	0.857107395355138	0.380751140165994	0.857107395355138
MA1508.1	Ikzf1	ENSG00000185811	0.855776042600953	0.379769942485621	0.855776042600953
MA0510.2	Rfx5	ENSG00000143390	0.854693510628497	0.378972123983377	0.854693510628497
MA0105.4	Nfkb1	ENSG00000109320	0.852512289489965	0.377364579240048	0.852512289489965
MA0059.1	Max	ENSG00000125952	0.850079016130982	0.375571273770824	0.850079016130982
MA0058.3	Max	ENSG00000125952	0.850079016130982	0.375571273770824	0.850079016130982
MA0517.1	Stat1	ENSG00000115415	0.84968962776477	0.375284297264792	0.84968962776477
MA0137.3	Stat1	ENSG00000115415	0.84968962776477	0.375284297264792	0.84968962776477
MA0098.3	Ets1	ENSG00000134954	0.849230763465997	0.374946117481751	0.849230763465997
MA0472.2	Egr2	ENSG00000122877	0.845664759020708	0.372317997114015	0.845664759020708
MA1511.1	Klf10	ENSG00000155090	0.844532251561665	0.371483347027233	0.844532251561665
MA0732.1	Egr3	ENSG00000179388	0.843945337762948	0.371050795657155	0.843945337762948
MA1509.1	Irf6	ENSG00000117595	0.841160245253432	0.368998201931435	0.841160245253432
MA0497.1	Mef2c	ENSG00000081189	0.839386185394093	0.367690732206861	0.839386185394093
MA0002.2	Runx1	ENSG00000159216	0.836560292230174	0.365608068683838	0.836560292230174
MA0659.2	Mafg	ENSG00000197063	0.835812214165626	0.36505674037557	0.835812214165626
MA1523.1	Msantd3	ENSG00000066697	0.829793659542641	0.360621107657867	0.829793659542641
MA0848.1	Foxo4	ENSG00000184481	0.826245539823964	0.358006168208719	0.826245539823964
MA1489.1	Foxn3	ENSG00000053254	0.824526414422929	0.356739184796199	0.824526414422929
MA0857.1	Rarb	ENSG00000077092	0.823366327921103	0.355884209147525	0.823366327921103
MA0858.1	Rarb	ENSG00000077092	0.823366327921103	0.355884209147525	0.823366327921103
MA1552.1	Rarb	ENSG00000077092	0.823366327921103	0.355884209147525	0.823366327921103
MA0765.2	Etv5	ENSG00000244405	0.81887462809509	0.352573857750152	0.81887462809509
MA0095.2	Yy1	ENSG00000100811	0.818397990883337	0.352222579454387	0.818397990883337
MA0473.3	Elf1	ENSG00000120690	0.817598209799209	0.351633146381834	0.817598209799209
MA0731.1	Bcl6b	ENSG00000161940	0.817477030847068	0.351543838340537	0.817477030847068
MA0006.1	Ahr	ENSG00000106546	0.816753188572948	0.351010371640529	0.816753188572948
MA1121.1	Tead2	ENSG00000074219	0.81567711947794	0.35021731623382	0.81567711947794
MA1466.1	Atf6	ENSG00000118217	0.814605897541016	0.349427833148763	0.814605897541016
MA1647.1	Prdm4	ENSG00000110851	0.8136784746273	0.348744328939378	0.8136784746273
MA0663.1	Mlx	ENSG00000108788	0.812875462104448	0.348152514319056	0.812875462104448
MA0641.1	Elf4	ENSG00000102034	0.81150694780494	0.347143928839353	0.81150694780494
MA0754.1	Cux1	ENSG00000257923	0.81055044194271	0.346438990700056	0.81055044194271
MA1573.1	Thap11	ENSG00000168286	0.808170487322668	0.344684980769002	0.808170487322668
MA0144.2	Stat3	ENSG00000168610	0.799851148328374	0.338553686040558	0.799851148328374
MA1599.1	Zfp738	ENSG00000196172	0.79948880072609	0.338286638388662	0.79948880072609
MA1599.1	Zfp595	ENSG00000196172	0.79948880072609	0.338286638388662	0.79948880072609
MA1599.1	Zfp457	ENSG00000196172	0.79948880072609	0.338286638388662	0.79948880072609
MA1599.1	Zfp953	ENSG00000196172	0.79948880072609	0.338286638388662	0.79948880072609
MA1593.1	Zfp317	ENSG00000130803	0.797401717775772	0.336748472832494	0.797401717775772
MA0043.3	Hlf	ENSG00000108924	0.787474738016412	0.329432358089522	0.787474738016412
MA0597.1	Thap1	ENSG00000131931	0.7865343893478	0.328739327689065	0.7865343893478
MA0783.1	Pknox2	ENSG00000165495	0.784415094172231	0.327177421947888	0.784415094172231
MA0476.1	Fos	ENSG00000170345	0.782797230463784	0.325985067695495	0.782797230463784
MA0099.3	Fos	ENSG00000170345	0.782797230463784	0.325985067695495	0.782797230463784
MA1126.1	Fos	ENSG00000170345	0.782797230463784	0.325985067695495	0.782797230463784
MA1134.1	Fos	ENSG00000170345	0.782797230463784	0.325985067695495	0.782797230463784
MA1141.1	Fos	ENSG00000170345	0.782797230463784	0.325985067695495	0.782797230463784
MA1578.1	Vezf1	ENSG00000136451	0.781931204885818	0.3253468128937	0.781931204885818
MA0773.1	Mef2d	ENSG00000116604	0.780956926110608	0.324628776241679	0.780956926110608
MA0050.2	Irf1	ENSG00000125347	0.780910070249114	0.324594243799045	0.780910070249114
MA0698.1	Zbtb18	ENSG00000179456	0.777463740850234	0.322054323104586	0.777463740850234
MA0484.2	Hnf4g	ENSG00000164749	0.77407396162902	0.319556079496064	0.77407396162902
MA0017.2	Nr2f1	ENSG00000175745	0.77400448569646	0.319504876219055	0.77400448569646
MA1537.1	Nr2f1	ENSG00000175745	0.77400448569646	0.319504876219055	0.77400448569646
MA1538.1	Nr2f1	ENSG00000175745	0.77400448569646	0.319504876219055	0.77400448569646
MA0684.2	Runx3	ENSG00000020633	0.772191648572436	0.318168827921266	0.772191648572436
MA0480.1	Foxo1	ENSG00000150907	0.771044487825505	0.317323378463663	0.771044487825505
MA0115.1	Nr1h2	ENSG00000131408	0.766987416507837	0.314333345241072	0.766987416507837
MA1107.2	Klf9	ENSG00000119138	0.766803224500583	0.314197597018302	0.766803224500583
MA0117.2	Mafb	ENSG00000204103	0.763888466771761	0.312049440931661	0.763888466771761
MA0527.1	Zbtb33	ENSG00000177485	0.763662266061098	0.311882732587909	0.763662266061098
MA0871.2	Tfec	ENSG00000105967	0.76236322769415	0.310925350385215	0.76236322769415
MA0619.1	Lin54	ENSG00000189308	0.757089519696991	0.307038664428012	0.757089519696991
MA1483.1	Elf2	ENSG00000109381	0.755459258860859	0.305837173579109	0.755459258860859
MA0609.2	Crem	ENSG00000095794	0.753394369516383	0.304315364555425	0.753394369516383
MA0778.1	Nfkb2	ENSG00000077150	0.752845024933345	0.303910501434882	0.752845024933345
MA0018.4	Creb1	ENSG00000118260	0.752350614808611	0.303546124626395	0.752350614808611
MA0844.1	Xbp1	ENSG00000100219	0.752109872623692	0.303368699317687	0.752109872623692
MA0138.2	Rest	ENSG00000084093	0.749094940294433	0.301146715250241	0.749094940294433
MA0505.1	Nr5a2	ENSG00000116833	0.748317779281371	0.300573953012063	0.748317779281371
MA0832.1	Tcf21	ENSG00000118526	0.746380531766483	0.29914621512521	0.746380531766483
MA1568.1	Tcf21	ENSG00000118526	0.746380531766483	0.29914621512521	0.746380531766483
MA0605.2	Atf3	ENSG00000162772	0.745890968799835	0.298785410638374	0.745890968799835
MA1111.1	Nr2f2	ENSG00000185551	0.745146122174011	0.298236463877874	0.745146122174011
MA0800.1	Eomes	ENSG00000163508	0.74337852519212	0.296933757248836	0.74337852519212
MA0863.1	Mtf1	ENSG00000188786	0.742798481941206	0.296506269424499	0.742798481941206
MA0768.1	Lef1	ENSG00000138795	0.742210479686187	0.296072915869729	0.742210479686187
MA0024.3	E2f1	ENSG00000101412	0.741992237979631	0.295912073256409	0.741992237979631
MA0152.1	Nfatc2	ENSG00000101096	0.740644728031827	0.294918967837197	0.740644728031827
MA0103.3	Zeb1	ENSG00000148516	0.738468354051381	0.29331499541552	0.738468354051381
MA1632.1	Atf2	ENSG00000115966	0.738062808491551	0.29301611117065	0.738062808491551
MA1594.1	Zfp382	ENSG00000161298	0.737670661651743	0.292727101688846	0.737670661651743
MA0080.5	Spi1	ENSG00000066336	0.737027132380589	0.29225282511104	0.737027132380589
MA0508.3	Prdm1	ENSG00000057657	0.736308137264555	0.291722930732683	0.736308137264555
MA0685.1	Sp4	ENSG00000105866	0.734989710265264	0.290751259243382	0.734989710265264
MA0797.1	Tgif2	ENSG00000118707	0.729800019674922	0.286926493528144	0.729800019674922
MA1104.2	Gata6	ENSG00000141448	0.724810678285452	0.283249383774515	0.724810678285452
MA0809.2	Tead4	ENSG00000197905	0.724663647823522	0.283141023351076	0.724663647823522
MA1124.1	Zfp24	ENSG00000172466	0.72387840821365	0.282562307243477	0.72387840821365
MA0867.2	Sox4	ENSG00000124766	0.723838015229603	0.282532537896379	0.723838015229603
MA0158.2	Hoxa5	ENSG00000106004	0.723219650471236	0.282076807388723	0.723219650471236
MA0745.2	Snai2	ENSG00000019549	0.72318041744932	0.282047892925612	0.72318041744932
MA1513.1	Klf15	ENSG00000163884	0.722926749509506	0.281860941425833	0.722926749509506
MA1110.1	Nr1h4	ENSG00000012504	0.722865352173755	0.281815692018243	0.722865352173755
MA1146.1	Nr1h4	ENSG00000012504	0.722865352173755	0.281815692018243	0.722865352173755
MA0758.1	E2f7	ENSG00000165891	0.722255969412782	0.281366581179928	0.722255969412782
MA0106.3	Trp53	ENSG00000141510	0.721776357323851	0.281013110420462	0.721776357323851
MA0591.1	Mafk	ENSG00000198517	0.72140474187062	0.280739232427154	0.72140474187062
MA0496.3	Mafk	ENSG00000198517	0.72140474187062	0.280739232427154	0.72140474187062
MA0521.1	Tcf12	ENSG00000140262	0.720760069845231	0.280264113647459	0.720760069845231
MA1648.1	Tcf12	ENSG00000140262	0.720760069845231	0.280264113647459	0.720760069845231
MA0062.3	Gabpa	ENSG00000154727	0.719971598796637	0.279683015992093	0.719971598796637
MA0511.2	Runx2	ENSG00000124813	0.715038807584832	0.276047583324403	0.715038807584832
MA1500.1	Hoxb6	ENSG00000108511	0.714930554387587	0.275967801474178	0.714930554387587
MA1557.1	Smad5	ENSG00000113658	0.713373000922739	0.274819895450053	0.713373000922739
MA0643.1	Esrrg	ENSG00000196482	0.713310381068434	0.274773745054828	0.713310381068434
MA0145.3	Tfcp2	ENSG00000135457	0.713006232627593	0.274549589778397	0.713006232627593
MA0836.2	Cebpd	ENSG00000221869	0.712691167352028	0.274317388871027	0.712691167352028
MA0481.3	Foxp1	ENSG00000114861	0.710621430849466	0.272792007525691	0.710621430849466
MA1113.2	Pbx2	ENSG00000204304	0.710605273655847	0.272780099786851	0.710605273655847
MA0519.1	Stat5a	ENSG00000126561	0.710114094969837	0.272418104526132	0.710114094969837
MA1624.1	Stat5a	ENSG00000126561	0.710114094969837	0.272418104526132	0.710114094969837
MA0819.1	Clock	ENSG00000134852	0.709236759356339	0.271771514307148	0.709236759356339
MA0803.1	Tbx15	ENSG00000092607	0.706149119655796	0.269495945414925	0.706149119655796
MA0636.1	Bhlhe41	ENSG00000123095	0.705815225196122	0.269249867530389	0.705815225196122
MA0471.2	E2f6	ENSG00000169016	0.705615932266377	0.269102990033223	0.705615932266377
MA0665.1	Msc	ENSG00000178860	0.705098902070577	0.268721942390359	0.705098902070577
MA1581.1	Zbtb6	ENSG00000186130	0.704824229779059	0.268519510830088	0.704824229779059
MA0818.1	Bhlhe22	ENSG00000180828	0.704130100655577	0.268007942514555	0.704130100655577
MA1635.1	Bhlhe22	ENSG00000180828	0.704130100655577	0.268007942514555	0.704130100655577
MA0746.2	Sp3	ENSG00000172845	0.703297374982087	0.267394229509758	0.703297374982087
MA0113.3	Nr3c1	ENSG00000113580	0.702043576757272	0.266470188975815	0.702043576757272
MA0492.1	Jund	ENSG00000130522	0.701760825868944	0.266261803546125	0.701760825868944
MA1141.1	Jund	ENSG00000130522	0.701760825868944	0.266261803546125	0.701760825868944
MA1142.1	Jund	ENSG00000130522	0.701760825868944	0.266261803546125	0.701760825868944
MA1143.1	Jund	ENSG00000130522	0.701760825868944	0.266261803546125	0.701760825868944
MA1144.1	Jund	ENSG00000130522	0.701760825868944	0.266261803546125	0.701760825868944
MA1145.1	Jund	ENSG00000130522	0.701760825868944	0.266261803546125	0.701760825868944
MA0491.2	Jund	ENSG00000130522	0.701760825868944	0.266261803546125	0.701760825868944
MA0071.1	Rora	ENSG00000069667	0.700592660770308	0.265400874028031	0.700592660770308
MA0072.1	Rora	ENSG00000069667	0.700592660770308	0.265400874028031	0.700592660770308
MA0760.1	Erf	ENSG00000105722	0.700523184837747	0.265349670751021	0.700523184837747
MA0840.1	Creb5	ENSG00000146592	0.695097704788107	0.261351129851263	0.695097704788107
MA0501.1	Nfe2	ENSG00000123405	0.693896512388722	0.260465859443212	0.693896512388722
MA0841.1	Nfe2	ENSG00000123405	0.693896512388722	0.260465859443212	0.693896512388722
MA0614.1	Foxj2	ENSG00000065970	0.692564151261151	0.259483918598697	0.692564151261151
MA1501.1	Hoxb7	ENSG00000260027	0.692456783853107	0.259404789568927	0.692456783853107
MA0796.1	Tgif1	ENSG00000177426	0.691255418578033	0.2585193917527	0.691255418578033
MA0596.1	Srebf2	ENSG00000198911	0.688179088913022	0.256252158277665	0.688179088913022
MA0828.1	Srebf2	ENSG00000198911	0.688179088913022	0.256252158277665	0.688179088913022
MA1653.1	Zfp148	ENSG00000163848	0.686760487313296	0.255206658807559	0.686760487313296
MA0798.2	Rfx3	ENSG00000080298	0.686405029053684	0.254944688553091	0.686405029053684
MA1599.1	Zfp738	ENSG00000172687	0.686325858804952	0.254886340632777	0.686325858804952
MA1599.1	Zfp595	ENSG00000172687	0.686325858804952	0.254886340632777	0.686325858804952
MA1599.1	Zfp457	ENSG00000172687	0.686325858804952	0.254886340632777	0.686325858804952
MA1599.1	Zfp953	ENSG00000172687	0.686325858804952	0.254886340632777	0.686325858804952
MA0637.1	Cenpb	ENSG00000125817	0.685745815554039	0.25445885280844	0.685745815554039
MA0090.3	Tead1	ENSG00000187079	0.684958960224806	0.253878945926958	0.684958960224806
MA0831.2	Tfe3	ENSG00000068323	0.682145992815781	0.251805808595006	0.682145992815781
MA1638.1	Hand2	ENSG00000164107	0.681803460311064	0.251553364531609	0.681803460311064
MA1516.1	Klf3	ENSG00000109787	0.679363724074633	0.249755295966849	0.679363724074633
MA0109.1	Hltf	ENSG00000071794	0.678715820610521	0.249277795639386	0.678715820610521
MA0737.1	Glis3	ENSG00000107249	0.677972589704058	0.24873003965277	0.677972589704058
MA0070.1	Pbx1	ENSG00000185630	0.677754467590205	0.248569285178437	0.677754467590205
MA0502.2	Nfyb	ENSG00000120837	0.676390800448783	0.247564272020386	0.676390800448783
MA1464.1	Arnt2	ENSG00000172379	0.676192066967272	0.24741780683266	0.676192066967272
MA0591.1	Bach1	ENSG00000156273	0.675413290234848	0.246843853820598	0.675413290234848
MA1633.1	Bach1	ENSG00000156273	0.675413290234848	0.246843853820598	0.675413290234848
MA0076.2	Elk4	ENSG00000158711	0.673720016343603	0.245595922790221	0.673720016343603
MA1494.1	Hnf4a	ENSG00000101076	0.673051108527787	0.245102942402267	0.673051108527787
MA0114.4	Hnf4a	ENSG00000101076	0.673051108527787	0.245102942402267	0.673051108527787
MA0632.2	Tcfl5	ENSG00000101190	0.671921720693836	0.244270591457388	0.671921720693836
MA0101.1	Rel	ENSG00000162924	0.665930633300004	0.239855201895712	0.665930633300004
MA0753.2	Zfp740	ENSG00000139651	0.664256748041101	0.238621560151943	0.664256748041101
MA1646.1	Osr2	ENSG00000164920	0.66275454715487	0.237514448591621	0.66275454715487
MA0902.2	Hoxb2	ENSG00000173917	0.662624871485608	0.237418878529156	0.662624871485608
MA0738.1	Hic2	ENSG00000169635	0.66091220896202	0.236156658212172	0.66091220896202
MA0150.2	Nfe2l2	ENSG00000116044	0.660285309849613	0.235694637945201	0.660285309849613
MA1116.1	Rbpj	ENSG00000168214	0.655717671213592	0.232328320175282	0.655717671213592
MA0139.1	Ctcf	ENSG00000102974	0.655674046790821	0.232296169280415	0.655674046790821
MA1599.1	Zfp738	ENSG00000181450	0.655131165085232	0.231896069255409	0.655131165085232
MA1599.1	Zfp595	ENSG00000181450	0.655131165085232	0.231896069255409	0.655131165085232
MA1599.1	Zfp457	ENSG00000181450	0.655131165085232	0.231896069255409	0.655131165085232
MA1599.1	Zfp953	ENSG00000181450	0.655131165085232	0.231896069255409	0.655131165085232
MA0520.1	Stat6	ENSG00000166888	0.650534443500697	0.228508317555579	0.650534443500697
MA0739.1	Hic1	ENSG00000177374	0.649823526981472	0.227984377046643	0.649823526981472
MA0515.1	Sox6	ENSG00000110693	0.646110603887883	0.225247978661332	0.646110603887883
MA0835.2	Batf3	ENSG00000123685	0.643391348201848	0.223243906214649	0.643391348201848
MA0060.3	Nfya	ENSG00000001167	0.642460693849408	0.222558020457495	0.642460693849408
MA0074.1	Vdr	ENSG00000111424	0.641699690029965	0.221997165958156	0.641699690029965
MA0693.2	Vdr	ENSG00000111424	0.641699690029965	0.221997165958156	0.641699690029965
MA0526.3	Usf2	ENSG00000105698	0.641475105038664	0.221831648388288	0.641475105038664
MA0079.4	Sp1	ENSG00000185591	0.641339384612267	0.221731623382036	0.641339384612267
MA0501.1	Maf	ENSG00000178573	0.640838511610085	0.221362483478012	0.640838511610085
MA1520.1	Maf	ENSG00000178573	0.640838511610085	0.221362483478012	0.640838511610085
MA0865.1	E2f8	ENSG00000129173	0.638588826634928	0.219704481365308	0.638588826634928
MA1559.1	Snai3	ENSG00000185669	0.638277753759265	0.21947522282878	0.638277753759265
MA0112.3	Esr1	ENSG00000091831	0.638272749263428	0.219471534550304	0.638272749263428
MA0083.3	Srf	ENSG00000112658	0.63705126542585	0.21857130949404	0.63705126542585
MA1643.1	Nfib	ENSG00000147862	0.636618252636868	0.218252182093142	0.636618252636868
MA0741.1	Klf16	ENSG00000129911	0.636518078036432	0.218178354112338	0.636518078036432
MA1532.1	Nr1d2	ENSG00000174738	0.636191702725333	0.21793781778778	0.636191702725333
MA0661.1	Meox1	ENSG00000005102	0.635526213794137	0.217447357093911	0.635526213794137
MA1515.1	Klf2	ENSG00000127528	0.633312490822472	0.215815858726586	0.633312490822472
MA0033.2	Foxl1	ENSG00000176678	0.633099046780916	0.21565855195886	0.633099046780916
MA0037.3	Gata3	ENSG00000107485	0.632494215896565	0.215212795821821	0.632494215896565
MA0777.1	Mybl2	ENSG00000101057	0.631777676065713	0.214684710971493	0.631777676065713
MA0864.2	E2f2	ENSG00000007968	0.631060968599827	0.214156502575317	0.631060968599827
MA1101.2	Bach2	ENSG00000112182	0.630446204674505	0.213703425856464	0.630446204674505
MA1470.1	Bach2	ENSG00000112182	0.630446204674505	0.213703425856464	0.630446204674505
MA0657.1	Klf13	ENSG00000169926	0.628769087976879	0.212467402564927	0.628769087976879
MA0136.2	Elf5	ENSG00000135374	0.628681506055157	0.212402855300375	0.628681506055157
MA0504.1	Nr2c2	ENSG00000177463	0.627216381670117	0.211323068862454	0.627216381670117
MA1536.1	Nr2c2	ENSG00000177463	0.627216381670117	0.211323068862454	0.627216381670117
MA1599.1	Zfp738	ENSG00000105750	0.626763257613925	0.210989119598099	0.626763257613925
MA1599.1	Zfp595	ENSG00000105750	0.626763257613925	0.210989119598099	0.626763257613925
MA1599.1	Zfp457	ENSG00000105750	0.626763257613925	0.210989119598099	0.626763257613925
MA1599.1	Zfp953	ENSG00000105750	0.626763257613925	0.210989119598099	0.626763257613925
MA0088.2	Zfp143	ENSG00000166478	0.625170880957984	0.209815549125377	0.625170880957984
MA0091.1	Tal1	ENSG00000162367	0.624933370211788	0.209640505364436	0.624933370211788
MA0140.2	Tal1	ENSG00000162367	0.624933370211788	0.209640505364436	0.624933370211788
MA0650.2	Hoxa13	ENSG00000106031	0.624290891979178	0.209167003394696	0.624290891979178
MA0599.1	Klf5	ENSG00000102554	0.621338478241509	0.206991095092561	0.621338478241509
MA0900.2	Hoxa2	ENSG00000105996	0.620738615765575	0.20654900063782	0.620738615765575
MA0087.1	Sox5	ENSG00000134532	0.620158919497447	0.206121768537372	0.620158919497447
MA0671.1	Nfix	ENSG00000008441	0.620087827845525	0.206069374486479	0.620087827845525
MA1528.1	Nfix	ENSG00000008441	0.620087827845525	0.206069374486479	0.620087827845525
MA0782.2	Pknox1	ENSG00000160199	0.620036124825945	0.206031269722192	0.620036124825945
MA0851.1	Foxj3	ENSG00000198815	0.619491627400993	0.205629978923302	0.619491627400993
MA1495.1	Hoxa1	ENSG00000105991	0.617905860068466	0.20446127947577	0.617905860068466
MA0466.2	Cebpb	ENSG00000172216	0.617273244717139	0.203995046380643	0.617273244717139
MA0163.1	Plag1	ENSG00000181690	0.616678742214688	0.20355690218892	0.616678742214688
MA1491.1	Gli3	ENSG00000106571	0.616633748687283	0.203523742273501	0.616633748687283
MA0823.1	Hey1	ENSG00000164683	0.615911193295078	0.202991223996475	0.615911193295078
MA0625.1	Nfatc3	ENSG00000072736	0.615841717362517	0.202940020719466	0.615841717362517
MA0770.1	Hsf2	ENSG00000025156	0.614583071979617	0.202012407863871	0.614583071979617
MA0036.3	Gata2	ENSG00000179348	0.613175780415424	0.200975243810953	0.613175780415424
MA0108.2	Tbp	ENSG00000112592	0.611645694179728	0.199847580942855	0.611645694179728
MA1602.1	Zscan29	ENSG00000140265	0.611005869312426	0.199376034484812	0.611005869312426
MA0593.1	Foxp2	ENSG00000128573	0.610744122775802	0.199183129115612	0.610744122775802
MA0598.3	Ehf	ENSG00000135373	0.609677747996964	0.198397218352207	0.609677747996964
MA1599.1	Zfp738	ENSG00000196081	0.60898324748432	0.197885376325455	0.60898324748432
MA1599.1	Zfp595	ENSG00000196081	0.60898324748432	0.197885376325455	0.60898324748432
MA1599.1	Zfp457	ENSG00000196081	0.60898324748432	0.197885376325455	0.60898324748432
MA1599.1	Zfp953	ENSG00000196081	0.60898324748432	0.197885376325455	0.60898324748432
MA0816.1	Ascl2	ENSG00000183734	0.608331853768523	0.197405303706879	0.608331853768523
MA0790.1	Pou4f1	ENSG00000152192	0.606967790460131	0.196399998576539	0.606967790460131
MA1099.2	Hes1	ENSG00000114315	0.604998624724974	0.194948737184296	0.604998624724974
MA0649.1	Hey2	ENSG00000135547	0.604092206162963	0.194280713035402	0.604092206162963
MA1606.1	Foxf1	ENSG00000103241	0.603277883604577	0.193680562997892	0.603277883604577
MA0834.1	Atf7	ENSG00000170653	0.601885133514641	0.19265411590993	0.601885133514641
MA0523.1	Tcf7l2	ENSG00000148737	0.601444042128849	0.192329034639612	0.601444042128849
MA0761.2	Etv1	ENSG00000006468	0.599569807669074	0.190947736934234	0.599569807669074
MA1558.1	Snai1	ENSG00000124216	0.598080114417426	0.189849843413234	0.598080114417426
MA0608.1	Creb3l2	ENSG00000182158	0.597949241149114	0.189753390728635	0.597949241149114
MA0837.1	Cebpe	ENSG00000092067	0.596573624692384	0.188739571008667	0.596573624692384
MA0775.1	Meis3	ENSG00000105419	0.595652572039573	0.188060761637073	0.595652572039573
MA0029.1	Mecom	ENSG00000085276	0.595103959352852	0.187656437919004	0.595103959352852
MA0513.1	Smad4	ENSG00000141646	0.593958414325283	0.186812179235285	0.593958414325283
MA1153.1	Smad4	ENSG00000141646	0.593958414325283	0.186812179235285	0.593958414325283
MA0679.2	Onecut1	ENSG00000169856	0.591326407484788	0.184872408578335	0.591326407484788
MA0785.1	Pou2f1	ENSG00000143190	0.590970949225176	0.184610438323867	0.590970949225176
MA0700.2	Lhx2	ENSG00000106689	0.589499028886508	0.183525643315591	0.589499028886508
MA1522.1	Maz	ENSG00000103495	0.588944837145384	0.183117207873397	0.588944837145384
MA0004.1	Arnt	ENSG00000143437	0.588600688921305	0.182863573036116	0.588600688921305
MA0006.1	Arnt	ENSG00000143437	0.588600688921305	0.182863573036116	0.588600688921305
MA0259.1	Arnt	ENSG00000143437	0.588600688921305	0.182863573036116	0.588600688921305
MA0019.1	Cebpa	ENSG00000245848	0.587117458547104	0.181770442610653	0.587117458547104
MA0102.4	Cebpa	ENSG00000245848	0.587117458547104	0.181770442610653	0.587117458547104
MA0592.3	Esrra	ENSG00000173153	0.586351607569575	0.181206015789662	0.586351607569575
MA0843.1	Tef	ENSG00000167074	0.586249817249777	0.181130997034973	0.586249817249777
MA0081.2	Spib	ENSG00000269404	0.585543274250032	0.180610279779344	0.585543274250032
MA0801.1	Mga	ENSG00000174197	0.585036412009009	0.180236725848129	0.585036412009009
MA0624.1	Nfatc1	ENSG00000131196	0.584073443269331	0.179527024613296	0.584073443269331
MA1108.2	Mxi1	ENSG00000119950	0.583356063872659	0.178998321008824	0.583356063872659
MA1154.1	Zfp282	ENSG00000170265	0.583113705968378	0.178819704926232	0.583113705968378
MA1599.1	Zfp738	ENSG00000234444	0.583060387229436	0.178780409388061	0.583060387229436
MA1599.1	Zfp595	ENSG00000234444	0.583060387229436	0.178780409388061	0.583060387229436
MA1599.1	Zfp457	ENSG00000234444	0.583060387229436	0.178780409388061	0.583060387229436
MA1599.1	Zfp953	ENSG00000234444	0.583060387229436	0.178780409388061	0.583060387229436
MA0146.2	Zfx	ENSG00000067646	0.582360830125103	0.178264840688555	0.582360830125103
MA0687.1	Spic	ENSG00000166211	0.581655874535493	0.177745293343108	0.581655874535493
MA1102.2	Ctcfl	ENSG00000124092	0.580929859355616	0.177210225226734	0.580929859355616
MA0107.1	Rela	ENSG00000173039	0.579303839713076	0.176011860107884	0.579303839713076
MA1123.2	Twist1	ENSG00000122691	0.577328984472983	0.174556405590244	0.577328984472983
MA0756.1	Onecut2	ENSG00000119547	0.577038601167728	0.17434239512259	0.577038601167728
MA0690.1	Tbx21	ENSG00000073861	0.576371309071273	0.17385060550852	0.576371309071273
MA0913.2	Hoxd9	ENSG00000128709	0.575539193757627	0.173237342334665	0.575539193757627
MA0774.1	Meis2	ENSG00000134138	0.574046288909535	0.17213708188952	0.574046288909535
MA1640.1	Meis2	ENSG00000134138	0.574046288909535	0.17213708188952	0.574046288909535
MA1128.1	Fosl1	ENSG00000175592	0.573980335541535	0.172088474717986	0.573980335541535
MA1129.1	Fosl1	ENSG00000175592	0.573980335541535	0.172088474717986	0.573980335541535
MA1137.1	Fosl1	ENSG00000175592	0.573980335541535	0.172088474717986	0.573980335541535
MA1142.1	Fosl1	ENSG00000175592	0.573980335541535	0.172088474717986	0.573980335541535
MA1143.1	Fosl1	ENSG00000175592	0.573980335541535	0.172088474717986	0.573980335541535
MA0477.2	Fosl1	ENSG00000175592	0.573980335541535	0.172088474717986	0.573980335541535
MA0776.1	Mybl1	ENSG00000185697	0.570793845834081	0.169740054061134	0.570793845834081
MA1683.1	Foxa3	ENSG00000170608	0.569402711463507	0.168714797747056	0.569402711463507
MA0794.1	Prox1	ENSG00000117707	0.569166816436673	0.16854094476	0.569166816436673
MA0483.1	Gfi1b	ENSG00000165702	0.569006104518314	0.168422501198738	0.569006104518314
MA1583.1	Zfp57	ENSG00000204644	0.568360575933515	0.16794675114074	0.568360575933515
MA0875.1	Barx1	ENSG00000131668	0.566885342386657	0.166859514321171	0.566885342386657
MA0666.1	Msx1	ENSG00000163132	0.566741113381957	0.166753218552142	0.566741113381957
MA1574.1	Thrb	ENSG00000151090	0.565752801425031	0.166024839543219	0.565752801425031
MA1575.1	Thrb	ENSG00000151090	0.565752801425031	0.166024839543219	0.565752801425031
MA1576.1	Thrb	ENSG00000151090	0.565752801425031	0.166024839543219	0.565752801425031
MA1615.1	Plagl1	ENSG00000118495	0.565100050802833	0.165543766894104	0.565100050802833
MA1565.1	Tbx18	ENSG00000112837	0.561404626029659	0.162820264648714	0.561404626029659
MA0670.1	Nfia	ENSG00000162599	0.561282105950723	0.162729968206337	0.561282105950723
MA1114.1	Pbx3	ENSG00000167081	0.56087494467153	0.162429893187583	0.56087494467153
MA0032.2	Foxc1	ENSG00000054598	0.560598531817298	0.16222617884475	0.560598531817298
MA1652.1	Zkscan5	ENSG00000196652	0.560403154617863	0.16208218721347	0.560403154617863
MA0615.1	Gmeb1	ENSG00000162419	0.559273766783912	0.161249836268591	0.559273766783912
MA0160.1	Nr4a2	ENSG00000153234	0.559188133657733	0.161186725252742	0.559188133657733
MA1147.1	Nr4a2	ENSG00000153234	0.559188133657733	0.161186725252742	0.559188133657733
MA0148.4	Foxa1	ENSG00000129514	0.558588701774477	0.160744948141797	0.558588701774477
MA0606.1	Nfat5	ENSG00000102908	0.557784073532263	0.160151942747592	0.557784073532263
MA0130.1	Zfp354c	ENSG00000177932	0.55743669386946	0.159895926362543	0.55743669386946
MA0482.2	Gata4	ENSG00000136574	0.556653069978951	0.159318401028829	0.556653069978951
MA0802.1	Tbr1	ENSG00000136535	0.556553855698425	0.15924528079709	0.556553855698425
MA0850.1	Foxp3	ENSG00000049768	0.555901760475679	0.158764691172793	0.555901760475679
MA0014.3	Pax5	ENSG00000196092	0.554303917484801	0.157587092049404	0.554303917484801
MA1150.1	Rorb	ENSG00000198963	0.553489091565597	0.156986571038488	0.553489091565597
MA0755.1	Cux2	ENSG00000111249	0.550989973615579	0.155144738565594	0.550989973615579
MA1544.1	Ovol1	ENSG00000172818	0.55077142594116	0.154983670456096	0.55077142594116
MA0689.1	Tbx20	ENSG00000164532	0.548476650207416	0.153292436769272	0.548476650207416
MA0852.2	Foxk1	ENSG00000164916	0.54784578373737	0.152827492587433	0.54784578373737
MA1579.1	Zbtb26	ENSG00000171448	0.547361067928808	0.152470260422248	0.547361067928808
MA0051.1	Irf2	ENSG00000168310	0.546806876187685	0.152061824980055	0.546806876187685
MA0742.1	Klf12	ENSG00000118922	0.544507707535737	0.150367353743198	0.544507707535737
MA0727.1	Nr3c2	ENSG00000151623	0.544378449986787	0.150272091832482	0.544378449986787
MA0859.1	Rarg	ENSG00000172819	0.543560895989678	0.149669560247205	0.543560895989678
MA0860.1	Rarg	ENSG00000172819	0.543560895989678	0.149669560247205	0.543560895989678
MA1553.1	Rarg	ENSG00000172819	0.543560895989678	0.149669560247205	0.543560895989678
MA0159.1	Rara	ENSG00000131759	0.540208278313787	0.147198704438014	0.540208278313787
MA0729.1	Rara	ENSG00000131759	0.540208278313787	0.147198704438014	0.540208278313787
MA0730.1	Rara	ENSG00000131759	0.540208278313787	0.147198704438014	0.540208278313787
MA1149.1	Rara	ENSG00000131759	0.540208278313787	0.147198704438014	0.540208278313787
MA1474.1	Creb3l4	ENSG00000143578	0.53963308222096	0.146774788935329	0.53963308222096
MA1475.1	Creb3l4	ENSG00000143578	0.53963308222096	0.146774788935329	0.53963308222096
MA0077.1	Sox9	ENSG00000125398	0.53900456738919	0.146311577894474	0.53900456738919
MA1103.2	Foxk2	ENSG00000141568	0.538893082753221	0.146229414496481	0.538893082753221
MA1599.1	Zfp738	ENSG00000214652	0.538892849751321	0.146229242775709	0.538892849751321
MA1599.1	Zfp595	ENSG00000214652	0.538892849751321	0.146229242775709	0.538892849751321
MA1599.1	Zfp457	ENSG00000214652	0.538892849751321	0.146229242775709	0.538892849751321
MA1599.1	Zfp953	ENSG00000214652	0.538892849751321	0.146229242775709	0.538892849751321
MA1563.1	Sox18	ENSG00000203883	0.534519330440625	0.143005989592636	0.534519330440625
MA0708.1	Msx2	ENSG00000120149	0.53234264490125	0.141401787554204	0.53234264490125
MA1112.2	Nr4a1	ENSG00000123358	0.531759681770543	0.140972147798854	0.531759681770543
MA0151.1	Arid3a	ENSG00000116017	0.530749857169371	0.140227914121387	0.530749857169371
MA0640.2	Elf3	ENSG00000163435	0.529140600684944	0.139041903332976	0.529140600684944
MA0678.1	Olig2	ENSG00000205927	0.524983052894301	0.135977819651628	0.524983052894301
MA1657.1	Zfp652	ENSG00000198740	0.523627766222226	0.134978982840948	0.523627766222226
MA0820.1	Figla	ENSG00000183733	0.521884404285255	0.133694137270735	0.521884404285255
MA0464.2	Bhlhe40	ENSG00000134107	0.52130436177985	0.133266649995832	0.52130436177985
MA0899.1	Hoxa10	ENSG00000253293	0.520624388239038	0.13276551424585	0.520624388239038
MA1504.1	Hoxc4	ENSG00000198353	0.519986665805309	0.132295517266665	0.519986665805309
MA1496.1	Hoxa4	ENSG00000197576	0.519508667769893	0.131943236053366	0.519508667769893
MA0498.2	Meis1	ENSG00000143995	0.517334539307723	0.130340918562974	0.517334539307723
MA1639.1	Meis1	ENSG00000143995	0.517334539307723	0.130340918562974	0.517334539307723
MA1548.1	Plagl2	ENSG00000126003	0.51701301115471	0.130103954560069	0.51701301115471
MA0793.1	Pou6f2	ENSG00000106536	0.514759942386729	0.128443458615689	0.514759942386729
MA0647.1	Grhl1	ENSG00000134317	0.514484410353376	0.128240393431691	0.514484410353376
MA1545.1	Ovol2	ENSG00000125850	0.514374984870824	0.128159747615385	0.514374984870824
MA0516.2	Sp2	ENSG00000167182	0.514301834065484	0.128105835982805	0.514301834065484
MA0736.1	Glis2	ENSG00000126603	0.514015851738432	0.127895069005347	0.514015851738432
MA0154.4	Ebf1	ENSG00000164330	0.513708487719374	0.12766854387023	0.513708487719374
MA1603.1	Dmrt1	ENSG00000137090	0.51366485772157	0.127636388866603	0.51366485772157
MA1118.1	Six1	ENSG00000126778	0.513560639974126	0.127559581114695	0.513560639974126
MA0025.2	Nfil3	ENSG00000165030	0.512474455467203	0.126759070720061	0.512474455467203
MA0862.1	Gmeb2	ENSG00000101216	0.511025155199601	0.12569094654616	0.511025155199601
MA0525.2	Trp63	ENSG00000073282	0.510223960523486	0.125100471666186	0.510223960523486
MA1419.1	Irf4	ENSG00000137265	0.510067033618009	0.12498481763298	0.510067033618009
MA1505.1	Hoxc8	ENSG00000037965	0.509567965838319	0.124617008165322	0.509567965838319
MA0769.2	Tcf7	ENSG00000081059	0.509537077667314	0.124594243799045	0.509537077667314
MA0607.1	Bhlha15	ENSG00000180535	0.508084742111046	0.123523882638598	0.508084742111046
MA1472.1	Bhlha15	ENSG00000180535	0.508084742111046	0.123523882638598	0.508084742111046
MA0878.2	Cdx1	ENSG00000113722	0.507930545479751	0.123410240798393	0.507930545479751
MA0842.2	Nrl	ENSG00000129535	0.506825900578088	0.122596125221782	0.506825900578088
MA0680.1	Pax7	ENSG00000009709	0.506539476267105	0.122385032505253	0.506539476267105
MA0078.1	Sox17	ENSG00000164736	0.504471797467836	0.120861167672871	0.504471797467836
MA1627.1	Wt1	ENSG00000184937	0.50237859317102	0.11931849072709	0.50237859317102
MA0162.4	Egr1	ENSG00000120738	0.50188987792756	0.118958311006323	0.50188987792756
MA0766.2	Gata5	ENSG00000130700	0.50154416193202	0.118703520732427	0.50154416193202
MA0009.2	T	ENSG00000164458	0.501529158160362	0.118692463057515	0.501529158160362
MA0519.1	Stat5b	ENSG00000173757	0.50119996576004	0.118449850557878	0.50119996576004
MA1625.1	Stat5b	ENSG00000173757	0.50119996576004	0.118449850557878	0.50119996576004
MA1656.1	Zfp449	ENSG00000173275	0.499999486274166	0.117565105562105	0.499999486274166
MA0513.1	Smad3	ENSG00000166949	0.499805599950741	0.117422212696031	0.499805599950741
MA0795.1	Smad3	ENSG00000166949	0.499805599950741	0.117422212696031	0.499805599950741
MA1622.1	Smad3	ENSG00000166949	0.499805599950741	0.117422212696031	0.499805599950741
MA0861.1	Trp73	ENSG00000078900	0.499795983610804	0.117415125520667	0.499795983610804
MA0839.1	Creb3l1	ENSG00000157613	0.498086742364496	0.116155426661141	0.498086742364496
MA0616.2	Hes2	ENSG00000069812	0.497714074729514	0.115880773217232	0.497714074729514
MA0853.1	Alx4	ENSG00000052850	0.495005667257188	0.113884695828278	0.495005667257188
MA0093.3	Usf1	ENSG00000158773	0.493484905807086	0.11276390526203	0.493484905807086
MA0092.1	Hand1	ENSG00000113196	0.493337852895831	0.112655528293595	0.493337852895831
MA0140.2	Gata1	ENSG00000102145	0.492366008962157	0.11193928610278	0.492366008962157
MA0035.4	Gata1	ENSG00000102145	0.492366008962157	0.11193928610278	0.492366008962157
MA0091.1	Tcf3	ENSG00000071564	0.492198793195034	0.111816049250408	0.492198793195034
MA0092.1	Tcf3	ENSG00000071564	0.492198793195034	0.111816049250408	0.492198793195034
MA0522.3	Tcf3	ENSG00000071564	0.492198793195034	0.111816049250408	0.492198793195034
MA1493.1	Hes6	ENSG00000144485	0.491849797812869	0.111558842091475	0.491849797812869
MA0052.4	Mef2a	ENSG00000068305	0.49176416468669	0.111495731075626	0.49176416468669
MA1651.1	Zfp42	ENSG00000179059	0.491068595614011	0.110983101527593	0.491068595614011
MA0486.2	Hsf1	ENSG00000185122	0.490285781470574	0.110406172971814	0.490285781470574
MA1498.1	Hoxa7	ENSG00000122592	0.490078550934702	0.110253445514377	0.490078550934702
MA1127.1	Fosb	ENSG00000125740	0.489994761216802	0.110191693077552	0.489994761216802
MA1135.1	Fosb	ENSG00000125740	0.489994761216802	0.110191693077552	0.489994761216802
MA1136.1	Fosb	ENSG00000125740	0.489994761216802	0.110191693077552	0.489994761216802
MA0594.2	Hoxa9	ENSG00000078399	0.488581439087883	0.109150084540555	0.488581439087883
MA1649.1	Zbtb12	ENSG00000204366	0.487421154785543	0.108294963114284	0.487421154785543
MA0119.1	Nfic	ENSG00000141905	0.487383949496647	0.108267543076245	0.487383949496647
MA0161.2	Nfic	ENSG00000141905	0.487383949496647	0.108267543076245	0.487383949496647
MA1527.1	Nfic	ENSG00000141905	0.487383949496647	0.108267543076245	0.487383949496647
MA0701.2	Lhx9	ENSG00000143355	0.48711442079704	0.108068902307286	0.48711442079704
MA0772.1	Irf7	ENSG00000185507	0.484981374805538	0.106496862310816	0.484981374805538
MA1644.1	Nfyc	ENSG00000066136	0.48400871174969	0.10578001643268	0.48400871174969
MA0074.1	Rxra	ENSG00000186350	0.483902074271806	0.105701425356339	0.483902074271806
MA0115.1	Rxra	ENSG00000186350	0.483902074271806	0.105701425356339	0.483902074271806
MA0065.2	Rxra	ENSG00000186350	0.483902074271806	0.105701425356339	0.483902074271806
MA0159.1	Rxra	ENSG00000186350	0.483902074271806	0.105701425356339	0.483902074271806
MA0494.1	Rxra	ENSG00000186350	0.483902074271806	0.105701425356339	0.483902074271806
MA0512.2	Rxra	ENSG00000186350	0.483902074271806	0.105701425356339	0.483902074271806
MA1146.1	Rxra	ENSG00000186350	0.483902074271806	0.105701425356339	0.483902074271806
MA1147.1	Rxra	ENSG00000186350	0.483902074271806	0.105701425356339	0.483902074271806
MA1148.1	Rxra	ENSG00000186350	0.483902074271806	0.105701425356339	0.483902074271806
MA0805.1	Tbx1	ENSG00000184058	0.4834311892417	0.10535438637827	0.4834311892417
MA0528.2	Zfp263	ENSG00000006194	0.483281638036846	0.105244168184903	0.483281638036846
MA0811.1	Tfap2b	ENSG00000008196	0.483252806048945	0.105222919211211	0.483252806048945
MA0812.1	Tfap2b	ENSG00000008196	0.483252806048945	0.105222919211211	0.483252806048945
MA0813.1	Tfap2b	ENSG00000008196	0.483252806048945	0.105222919211211	0.483252806048945
MA0711.1	Otx1	ENSG00000115507	0.481429796646461	0.10387937401525	0.481429796646461
MA0869.1	Sox11	ENSG00000176887	0.480828013842088	0.103435864291863	0.480828013842088
MA1550.1	Ppard	ENSG00000112033	0.480223081284817	0.102990033222591	0.480223081284817
MA0904.2	Hoxb5	ENSG00000120075	0.479041990431286	0.102119577513426	0.479041990431286
MA0907.1	Hoxc13	ENSG00000123364	0.477757423215497	0.101172860448056	0.477757423215497
MA1650.1	Zbtb14	ENSG00000198081	0.475729765739442	0.0996784910513343	0.475729765739442
MA0833.2	Atf4	ENSG00000128272	0.473939548686485	0.0983591135879208	0.473939548686485
MA0694.1	Zbtb7b	ENSG00000160685	0.472622737406557	0.0973886328725038	0.472622737406557
MA1531.1	Nr1d1	ENSG00000126368	0.472550030035272	0.0973350480477262	0.472550030035272
MA0467.1	Crx	ENSG00000105392	0.472203690181417	0.0970797979946088	0.472203690181417
MA0047.3	Foxa2	ENSG00000125798	0.471887585096904	0.0968468307553079	0.471887585096904
MA0639.1	Dbp	ENSG00000105516	0.471236450194068	0.0963669488800771	0.471236450194068
MA0142.1	Pou5f1	ENSG00000212993	0.470351809228751	0.0957149746678313	0.470351809228751
MA0142.1	Pou5f1	ENSG00000212993	0.470351809228751	0.0957149746678313	0.470351809228751
MA0792.1	Pou5f1	ENSG00000212993	0.470351809228751	0.0957149746678313	0.470351809228751
MA1115.1	Pou5f1	ENSG00000212993	0.470351809228751	0.0957149746678313	0.470351809228751
MA0695.1	Zbtb7c	ENSG00000184828	0.46874824237678	0.0945331570987985	0.46874824237678
MA0645.1	Etv6	ENSG00000139083	0.468733700902524	0.094522440133843	0.468733700902524
MA0141.3	Esrrb	ENSG00000119715	0.46616940499787	0.0926325719636487	0.46616940499787
MA0750.2	Zbtb7a	ENSG00000178951	0.465933659248394	0.0924588289929625	0.465933659248394
MA1554.1	Rfx7	ENSG00000181827	0.464628158003999	0.0914966836947332	0.464628158003999
MA0626.1	Npas2	ENSG00000170485	0.464314708447795	0.0912656735612474	0.464314708447795
MA0038.2	Gfi1	ENSG00000162676	0.46347453437962	0.0906464711415949	0.46347453437962
MA0716.1	Prrx1	ENSG00000116132	0.463065243726576	0.0903448267891851	0.463065243726576
MA1499.1	Hoxb4	ENSG00000182742	0.461884666527536	0.0894747496397909	0.461884666527536
MA0470.2	E2f4	ENSG00000205250	0.461616457113464	0.0892770811750557	0.461616457113464
MA1560.1	Sohlh2	ENSG00000120669	0.461118842841441	0.0889103429323963	0.461118842841441
MA0007.3	Ar	ENSG00000169083	0.460319034465879	0.0883208897462461	0.460319034465879
MA1592.1	Zfp110	ENSG00000171606	0.459102397786387	0.0874242370116338	0.459102397786387
MA1592.1	Zfp369	ENSG00000171606	0.459102397786387	0.0874242370116338	0.459102397786387
MA0914.1	Isl2	ENSG00000159556	0.458966573064641	0.0873241351404392	0.458966573064641
MA1105.2	Grhl2	ENSG00000083307	0.458081263149682	0.0866716679169792	0.458081263149682
MA0692.1	Tfeb	ENSG00000112561	0.457869603913276	0.0865156765381822	0.457869603913276
MA1148.1	Ppara	ENSG00000186951	0.453927248670301	0.083610188261351	0.453927248670301
MA0713.1	Phox2a	ENSG00000165462	0.452676268554209	0.0826882246538526	0.452676268554209
MA0654.1	Isx	ENSG00000175329	0.452177938324767	0.0823209587555765	0.452177938324767
MA0132.2	Pdx1	ENSG00000139515	0.450358149341787	0.0809797869862953	0.450358149341787
MA0100.3	Myb	ENSG00000118513	0.450343874466553	0.0809692665029576	0.450343874466553
MA0881.1	Dlx4	ENSG00000108813	0.449687008335467	0.0804851607525384	0.449687008335467
MA0124.2	Nkx3-1	ENSG00000167034	0.448732710921873	0.0797818502244609	0.448732710921873
MA0743.2	Scrt1	ENSG00000261678	0.448075713044849	0.0792976473782058	0.448075713044849
MA0493.1	Klf1	ENSG00000105610	0.447762340162651	0.0790666937529272	0.447762340162651
MA0073.1	Rreb1	ENSG00000124782	0.447312493602785	0.0787351599804713	0.447312493602785
MA0879.1	Dlx1	ENSG00000144355	0.446848776727935	0.0783934038827561	0.446848776727935
MA0826.1	Olig1	ENSG00000184221	0.446217462319822	0.0779281295736905	0.446217462319822
MA0847.2	Foxd2	ENSG00000186564	0.445539272878736	0.0774283086927447	0.445539272878736
MA1645.1	Nkx2-2	ENSG00000125820	0.445107542027784	0.0771101260712208	0.445107542027784
MA0897.1	Hmx2	ENSG00000188816	0.443623456519252	0.0760163654177283	0.443623456519252
MA1637.1	Ebf3	ENSG00000108001	0.442579747154189	0.0752471589059583	0.442579747154189
MA1542.1	Osr1	ENSG00000143867	0.440204052757421	0.073496288729699	0.440204052757421
MA0855.1	Rxrb	ENSG00000204231	0.437131845903611	0.0712320937377201	0.437131845903611
MA1555.1	Rxrb	ENSG00000204231	0.437131845903611	0.0712320937377201	0.437131845903611
MA0634.1	Alx3	ENSG00000156150	0.43675593282019	0.0709550484209814	0.43675593282019
MA0799.1	Rfx4	ENSG00000111783	0.435787091894654	0.070241019426188	0.435787091894654
MA0507.1	Pou2f2	ENSG00000028277	0.431979316858591	0.0674347158218126	0.431979316858591
MA0131.2	Hinfp	ENSG00000172273	0.431612548563446	0.0671644101501566	0.431612548563446
MA0910.2	Hoxd8	ENSG00000175879	0.430147594410899	0.0660847491723935	0.430147594410899
MA1604.1	Ebf2	ENSG00000221818	0.427925778592781	0.0644472864337623	0.427925778592781
MA0463.2	Bcl6	ENSG00000113916	0.424175392340735	0.0616832779623477	0.424175392340735
MA0903.1	Hoxb3	ENSG00000120093	0.418542994645239	0.0575322402029079	0.418542994645239
MA0710.1	Noto	ENSG00000214513	0.418394002874201	0.0574224343083559	0.418394002874201
MA1506.1	Hoxd10	ENSG00000128710	0.417264927184273	0.0565903134114414	0.417264927184273
MA0155.1	Insm1	ENSG00000173404	0.415949238121103	0.0556206597619366	0.415949238121103
MA0725.1	Vsx1	ENSG00000100987	0.415683029145926	0.0554244656066937	0.415683029145926
MA1125.1	Zfp384	ENSG00000126746	0.415175835495092	0.055050667428762	0.415175835495092
MA0764.2	Etv4	ENSG00000175832	0.413787342936506	0.0540273581116664	0.413787342936506
MA0600.2	Rfx2	ENSG00000087903	0.412238457695203	0.052885840507746	0.412238457695203
MA1566.1	Tbx3	ENSG00000135111	0.411254484603821	0.0521606592124221	0.411254484603821
MA1521.1	Mafa	ENSG00000182759	0.410615468754421	0.0516897089949223	0.410615468754421
MA0714.1	Pitx3	ENSG00000107859	0.409664380498478	0.0509887635936172	0.409664380498478
MA0720.1	Shox2	ENSG00000168779	0.408929474858359	0.0504471432701451	0.408929474858359
MA0704.1	Lhx4	ENSG00000121454	0.408292904587347	0.0499779954268344	0.408292904587347
MA0674.1	Nkx6-1	ENSG00000163623	0.408005404314474	0.0497661097339085	0.408005404314474
MA0806.1	Tbx4	ENSG00000121075	0.406445582231493	0.0486165317540653	0.406445582231493
MA0912.2	Hoxd3	ENSG00000128652	0.406389532922366	0.0485752238047417	0.406389532922366
MA0895.1	Hmbox1	ENSG00000147421	0.405508986552993	0.047926267281106	0.405508986552993
MA1481.1	Prrxl1	ENSG00000165606	0.404216722232124	0.0469738775030556	0.404216722232124
MA0658.1	Lhx6	ENSG00000106852	0.403653520931055	0.0465588020781129	0.403653520931055
MA0854.1	Alx1	ENSG00000180318	0.402980779451359	0.0460629963066575	0.402980779451359
MA0485.2	Hoxc9	ENSG00000180806	0.399332435260631	0.0433741921216733	0.399332435260631
MA0602.1	Arid5a	ENSG00000196843	0.398246328021365	0.0425737386727634	0.398246328021365
MA0784.1	Pou1f1	ENSG00000064835	0.397126997295511	0.0417487997463027	0.397126997295511
MA1580.1	Zbtb32	ENSG00000011590	0.397030141501945	0.0416774177029795	0.397030141501945
MA0633.1	Twist2	ENSG00000233608	0.396689127201922	0.041426092545838	0.396689127201922
MA0846.1	Foxc2	ENSG00000176692	0.396161508609513	0.0410372413286336	0.396161508609513
MA0740.1	Klf14	ENSG00000266265	0.395796425094625	0.0407681773282595	0.395796425094625
MA0595.1	Srebf1	ENSG00000072310	0.39554484524831	0.0405827647388037	0.39554484524831
MA0829.2	Srebf1	ENSG00000072310	0.39554484524831	0.0405827647388037	0.39554484524831
MA0686.1	Spdef	ENSG00000124664	0.395361463642178	0.0404476137759995	0.395361463642178
MA0668.1	Neurod2	ENSG00000171532	0.391679022390957	0.0377336802955992	0.391679022390957
MA0040.1	Foxq1	ENSG00000164379	0.391183200482845	0.0373682630126232	0.391183200482845
MA0675.1	Nkx6-2	ENSG00000148826	0.390637358891527	0.0369659815725098	0.390637358891527
MA0031.1	Foxd1	ENSG00000251493	0.38862711910999	0.0354844488949857	0.38862711910999
MA0845.1	Foxb1	ENSG00000171956	0.388572185168208	0.0354439629636045	0.388572185168208
MA0893.2	Gsx2	ENSG00000180613	0.388241461029631	0.0352002215835719	0.388241461029631
MA0697.1	Zic3	ENSG00000156925	0.387340163510911	0.0345359716078135	0.387340163510911
MA1497.1	Hoxa6	ENSG00000106006	0.387339607940064	0.0345355621559799	0.387339607940064
MA1529.1	Nhlh2	ENSG00000177551	0.386707108904395	0.0340694147846798	0.386707108904395
MA1530.1	Nkx6-3	ENSG00000165066	0.385549609236552	0.0332163456145827	0.385549609236552
MA0524.2	Tfap2c	ENSG00000087510	0.38539419444068	0.0331018059955929	0.38539419444068
MA0815.1	Tfap2c	ENSG00000087510	0.38539419444068	0.0331018059955929	0.38539419444068
MA0814.2	Tfap2c	ENSG00000087510	0.38539419444068	0.0331018059955929	0.38539419444068
MA0886.1	Emx2	ENSG00000170370	0.385205899827421	0.0329630341808537	0.385205899827421
MA0856.1	Rxrg	ENSG00000143171	0.384571482270809	0.0324954728730199	0.384571482270809
MA1149.1	Rxrg	ENSG00000143171	0.384571482270809	0.0324954728730199	0.384571482270809
MA1556.1	Rxrg	ENSG00000143171	0.384571482270809	0.0324954728730199	0.384571482270809
MA0786.1	Pou3f1	ENSG00000185668	0.384110716393702	0.0321558916400283	0.384110716393702
MA0030.1	Foxf2	ENSG00000137273	0.383500552346513	0.031706204999229	0.383500552346513
MA0734.2	Gli2	ENSG00000074047	0.382936213718427	0.0312902913722191	0.382936213718427
MA0603.1	Arntl	ENSG00000133794	0.382347649500515	0.0308565236547232	0.382347649500515
MA0067.1	Pax2	ENSG00000075891	0.381674471248738	0.0303603959852943	0.381674471248738
MA0825.1	Mnt	ENSG00000070444	0.380925816462065	0.0298086426368497	0.380925816462065
MA0880.1	Dlx3	ENSG00000064195	0.377969967726464	0.0276302027652322	0.377969967726464
MA0494.1	Nr1h3	ENSG00000025434	0.377082020100165	0.0269757915669394	0.377082020100165
MA0627.2	Pou2f3	ENSG00000137709	0.376576167906845	0.0266029820338257	0.376576167906845
MA0781.1	Pax9	ENSG00000198807	0.37651402276986	0.0265571815019501	0.37651402276986
MA0882.1	Dlx6	ENSG00000006377	0.372113959616202	0.023314365692023	0.372113959616202
MA0622.1	Mlxip	ENSG00000175727	0.369617396648303	0.0214744162231034	0.369617396648303
MA1561.1	Sox12	ENSG00000177732	0.367962900021742	0.0202550637659415	0.367962900021742
MA0662.1	Mixl1	ENSG00000185155	0.366723931657886	0.0193419527359384	0.366723931657886
MA0613.1	Foxg1	ENSG00000176165	0.36594560232798	0.0187683294564063	0.36594560232798
MA0762.1	Etv2	ENSG00000105672	0.365086919557605	0.0181354862525155	0.365086919557605
MA0122.3	Nkx3-2	ENSG00000109705	0.364466566931129	0.0176782906999488	0.364466566931129
MA0610.1	Dmrt3	ENSG00000064218	0.362529292586293	0.0162505330396113	0.362529292586293
MA0894.1	Hesx1	ENSG00000163666	0.361701987494477	0.0156408149656462	0.361701987494477
MA0068.2	Pax4	ENSG00000106331	0.35956739852644	0.0140676378062474	0.35956739852644
MA1502.1	Hoxb8	ENSG00000120068	0.359479927943552	0.0140031725976386	0.359479927943552
MA0601.1	Arid3b	ENSG00000179361	0.359456137581471	0.0139856392669596	0.359456137581471
MA0868.2	Sox8	ENSG00000005513	0.359451486789883	0.0139822116660452	0.359451486789883
MA1119.1	Six2	ENSG00000170577	0.359157599487232	0.0137656187767858	0.359157599487232
MA0683.1	Pou4f2	ENSG00000151615	0.359030582532904	0.0136720081686562	0.359030582532904
MA1535.1	Nr2c1	ENSG00000120798	0.356593082872228	0.0118755879446052	0.356593082872228
MA0810.1	Tfap2a	ENSG00000137203	0.35298939272993	0.00921969348140644	0.35298939272993
MA0872.1	Tfap2a	ENSG00000137203	0.35298939272993	0.00921969348140644	0.35298939272993
MA0003.4	Tfap2a	ENSG00000137203	0.35298939272993	0.00921969348140644	0.35298939272993
MA0757.1	Onecut3	ENSG00000205922	0.352469588970745	0.00883660174170204	0.352469588970745
MA1540.1	Nr5a1	ENSG00000136931	0.350346894785604	0.00727219095421304	0.350346894785604
MA0723.1	Vax2	ENSG00000116035	0.349800747617177	0.00686968430590473	0.349800747617177
MA0726.1	Vsx2	ENSG00000119614	0.347971884046398	0.00552182462880186	0.347971884046398
MA0905.1	Hoxc10	ENSG00000180818	0.346352312564392	0.0043282117592251	0.346352312564392
MA1518.1	Lhx1	ENSG00000273706	0.345673812956112	0.00382816228722373	0.345673812956112
MA1599.1	Zfp738	ENSG00000197124	0.342956411458003	0.00182545636409102	0.342956411458003
MA1599.1	Zfp595	ENSG00000197124	0.342956411458003	0.00182545636409102	0.342956411458003
MA1599.1	Zfp457	ENSG00000197124	0.342956411458003	0.00182545636409102	0.342956411458003
MA1599.1	Zfp953	ENSG00000197124	0.342956411458003	0.00182545636409102	0.342956411458003
MA0142.1	Sox2	ENSG00000181449	0.342835766851325	0.00173654213166871	0.342835766851325
MA0143.4	Sox2	ENSG00000181449	0.342835766851325	0.00173654213166871	0.342835766851325
MA1577.1	Tlx2	ENSG00000115297	0.341570668536398	0.000804173510243728	0.341570668536398
MA1471.1	Barx2	ENSG00000043039	0.341323269798086	0.000621842368181208	0.341323269798086
MA0069.1	Pax6	ENSG00000007372	0.34116879333407	0.000507994293214978	0.34116879333407
MA0676.1	Nr2e1	ENSG00000112333	0.340958012213765	0.000352650079850132	0.340958012213765
MA0672.1	Nkx2-3	ENSG00000119919	0.339308407026519	-0.00086309742070402	0.339308407026519
MA0506.1	Nrf1	ENSG00000106459	0.338563270513065	-0.00141225782636135	0.338563270513065
MA1608.1	Isl1	ENSG00000016082	0.337572315558872	-0.00214258470580896	0.337572315558872
MA1479.1	Dmrtc2	ENSG00000142025	0.337435981914151	-0.00224306164968133	0.337435981914151
MA0706.1	Meox2	ENSG00000106511	0.334693477952501	-0.00426426791310429	0.334693477952501
MA0019.1	Ddit3	ENSG00000175197	0.334604758076471	-0.00432965384203194	0.334604758076471
MA0751.1	Zic4	ENSG00000174963	0.33421253713079	-0.00461871793934696	0.33421253713079
MA0849.1	Foxo6	ENSG00000204060	0.333477212340803	-0.00516064717334399	0.333477212340803
MA0153.2	Hnf1b	ENSG00000275410	0.332153711804507	-0.0061360578239798	0.332153711804507
MA1596.1	Zfp113	ENSG00000197714	0.330251979668834	-0.00753762112442499	0.330251979668834
MA0618.1	Lbx1	ENSG00000138136	0.329348872362256	-0.0082032049011937	0.329348872362256
MA0808.1	Tead3	ENSG00000007866	0.329035373436088	-0.00843425141999785	0.329035373436088
MA1525.1	Nfatc4	ENSG00000100968	0.327324326631863	-0.00969528096309792	0.327324326631863
MA0677.1	Nr2f6	ENSG00000160113	0.327030265708002	-0.0099120018099763	0.327030265708002
MA0728.1	Nr2f6	ENSG00000160113	0.327030265708002	-0.0099120018099763	0.327030265708002
MA1539.1	Nr2f6	ENSG00000160113	0.327030265708002	-0.0099120018099763	0.327030265708002
MA0688.1	Tbx2	ENSG00000121068	0.326199785955998	-0.0105240595863252	0.326199785955998
MA1421.1	Tcf7l1	ENSG00000152284	0.326127078584713	-0.0105776444111028	0.326127078584713
MA0135.1	Lhx3	ENSG00000107187	0.32269077961627	-0.013110172748393	0.32269077961627
MA0518.1	Stat4	ENSG00000138378	0.321018173962465	-0.0143428714321437	0.321018173962465
MA0780.1	Pax3	ENSG00000135903	0.320755566892136	-0.0145364110086732	0.320755566892136
MA1546.1	Pax3	ENSG00000135903	0.320755566892136	-0.0145364110086732	0.320755566892136
MA1151.1	Rorc	ENSG00000143365	0.31878201836563	-0.0159909024875266	0.31878201836563
MA0258.2	Esr2	ENSG00000140009	0.315354669620409	-0.0185168345728189	0.315354669620409
MA0779.1	Pax1	ENSG00000125813	0.312160735703423	-0.0208707415600984	0.312160735703423
MA0767.1	Gcm2	ENSG00000124827	0.310135413677145	-0.0223633897466475	0.310135413677145
MA1100.2	Ascl1	ENSG00000139352	0.306584013601123	-0.0249807467962453	0.306584013601123
MA1631.1	Ascl1	ENSG00000139352	0.306584013601123	-0.0249807467962453	0.306584013601123
MA0883.1	Dmbx1	ENSG00000197587	0.303309468972105	-0.0273940633152282	0.303309468972105
MA0509.2	Rfx1	ENSG00000132005	0.300534083892614	-0.0294395027328261	0.300534083892614
MA1420.1	Irf5	ENSG00000128604	0.300086529629374	-0.0297693470986794	0.300086529629374
MA0027.2	En1	ENSG00000163064	0.298232428360513	-0.0311358067829848	0.298232428360513
MA0804.1	Tbx19	ENSG00000143178	0.297824522522749	-0.0314364305362055	0.297824522522749
MA1599.1	Zfp738	ENSG00000197472	0.296863227094188	-0.0321448985524334	0.296863227094188
MA1599.1	Zfp595	ENSG00000197472	0.296863227094188	-0.0321448985524334	0.296863227094188
MA1599.1	Zfp457	ENSG00000197472	0.296863227094188	-0.0321448985524334	0.296863227094188
MA1599.1	Zfp953	ENSG00000197472	0.296863227094188	-0.0321448985524334	0.296863227094188
MA0046.2	Hnf1a	ENSG00000135100	0.293853084331261	-0.0343633527429476	0.293853084331261
MA0075.3	Prrx2	ENSG00000167157	0.293331225331799	-0.0347479591803805	0.293331225331799
MA0744.2	Scrt2	ENSG00000215397	0.288700594129455	-0.0381607020316778	0.288700594129455
MA0822.1	Hes7	ENSG00000179111	0.287315035999515	-0.0391818486953586	0.287315035999515
MA0733.1	Egr4	ENSG00000135625	0.286558358831505	-0.0397395144828134	0.286558358831505
MA0707.1	Mnx1	ENSG00000130675	0.284393005071832	-0.0413353650787568	0.284393005071832
MA1616.1	Prdm15	ENSG00000141956	0.283677283790172	-0.041862846664047	0.283677283790172
MA1585.1	Zkscan1	ENSG00000106261	0.281109905724153	-0.043754986365639	0.281109905724153
MA1507.1	Hoxd4	ENSG00000170166	0.280747786491251	-0.0440218657108948	0.280747786491251
MA0791.1	Pou4f3	ENSG00000091010	0.279913155682857	-0.0446369827868081	0.279913155682857
MA1584.1	Zic5	ENSG00000139800	0.279633226688397	-0.0448432885004292	0.279633226688397
MA0691.1	Tfap4	ENSG00000090447	0.277225716378205	-0.046617606782648	0.277225716378205
MA1570.1	Tfap4	ENSG00000090447	0.277225716378205	-0.046617606782648	0.277225716378205
MA0890.1	Gbx2	ENSG00000168505	0.275921794055089	-0.0475785884269235	0.275921794055089
MA1514.1	Klf17	ENSG00000171872	0.275654568760905	-0.0477755316021761	0.275654568760905
MA0630.1	Rhox10	ENSG00000185960	0.272394780476224	-0.0501779727984554	0.272394780476224
MA1655.1	Zfp341	ENSG00000131061	0.272225064953202	-0.0503030519534646	0.272225064953202
MA0735.1	Glis1	ENSG00000174332	0.270531032105808	-0.0515515423292218	0.270531032105808
MA0787.1	Pou3f2	ENSG00000184486	0.267255940417534	-0.0539652620270554	0.267255940417534
MA0712.2	Otx2	ENSG00000165588	0.264936620515581	-0.0556745845944104	0.264936620515581
MA0642.1	En2	ENSG00000164778	0.264514591005531	-0.0559856173954526	0.264514591005531
MA1503.1	Hoxb9	ENSG00000170689	0.264002505277006	-0.0563630210004712	0.264002505277006
MA0646.1	Gcm1	ENSG00000137270	0.261622800977353	-0.0581168464471472	0.261622800977353
MA1533.1	Nr1i2	ENSG00000144852	0.259546515120569	-0.059647054620798	0.259546515120569
MA1418.1	Irf3	ENSG00000126456	0.258228088121279	-0.0606187261100989	0.258228088121279
MA1468.1	Atoh7	ENSG00000179774	0.255969060870903	-0.0622836134143837	0.255969060870903
MA0874.1	Arx	ENSG00000004848	0.25253049790369	-0.0648178103029535	0.25253049790369
MA0517.1	Stat2	ENSG00000170581	0.2488019813641	-0.0675657009490468	0.2488019813641
MA1623.1	Stat2	ENSG00000170581	0.2488019813641	-0.0675657009490468	0.2488019813641
MA0682.2	Pitx1	ENSG00000069011	0.248185759000112	-0.0680198525270097	0.248185759000112
MA0821.1	Hes5	ENSG00000197921	0.247633391106511	-0.06842694380632	0.247633391106511
MA1628.1	Zic2	ENSG00000043355	0.24657602699009	-0.069206213774463	0.24657602699009
MA1629.1	Zic2	ENSG00000043355	0.24657602699009	-0.069206213774463	0.24657602699009
MA0807.1	Tbx5	ENSG00000089225	0.242892852567594	-0.0719206875969724	0.242892852567594
MA0696.1	Zic1	ENSG00000152977	0.241725130559088	-0.0727812905607354	0.241725130559088
MA1628.1	Zic1	ENSG00000152977	0.241725130559088	-0.0727812905607354	0.241725130559088
MA0442.2	Sox10	ENSG00000100146	0.241469149876615	-0.0729699465356998	0.241469149876615
MA0653.1	Irf9	ENSG00000213928	0.240309760398085	-0.0738244084830731	0.240309760398085
MA0048.2	Nhlh1	ENSG00000171786	0.229329806008003	-0.0819165581738888	0.229329806008003
MA1152.1	Sox15	ENSG00000129194	0.226728431456585	-0.083833753047755	0.226728431456585
MA0866.1	Sox21	ENSG00000125285	0.226428031813911	-0.0840551454861228	0.226428031813911
MA1476.1	Dlx5	ENSG00000105880	0.225955552670824	-0.0844033593143242	0.225955552670824
MA1541.1	Nr6a1	ENSG00000148200	0.224210732676363	-0.0856892794627228	0.224210732676363
MA1567.1	Tbx6	ENSG00000149922	0.224082952244707	-0.0857834527483107	0.224082952244707
MA0125.1	Nobox	ENSG00000106410	0.223978801256455	-0.0858602112991608	0.223978801256455
MA1621.1	Rbpjl	ENSG00000124232	0.217472133979318	-0.0906555796335207	0.217472133979318
MA0703.2	Lmx1b	ENSG00000136944	0.21154573781362	-0.0950232922119288	0.21154573781362
MA0142.1	Pou5f1	ENSG00000204531	0.201944091738844	-0.102099638301808	0.201944091738844
MA0142.1	Pou5f1	ENSG00000204531	0.201944091738844	-0.102099638301808	0.201944091738844
MA0792.1	Pou5f1	ENSG00000204531	0.201944091738844	-0.102099638301808	0.201944091738844
MA1115.1	Pou5f1	ENSG00000204531	0.201944091738844	-0.102099638301808	0.201944091738844
MA0752.1	Zfp410	ENSG00000119725	0.196692110842198	-0.105970311537697	0.196692110842198
MA0719.1	Rhox13	ENSG00000101883	0.191942631967661	-0.109470644293252	0.191942631967661
MA0612.2	Emx1	ENSG00000135638	0.188472057454511	-0.112028433467578	0.188472057454511
MA1120.1	Sox13	ENSG00000143842	0.185032769589618	-0.114563164600674	0.185032769589618
MA0789.1	Pou3f4	ENSG00000196767	0.18390849252608	-0.115391748943458	0.18390849252608
MA0702.2	Lmx1a	ENSG00000162761	0.175885686931006	-0.121304500627954	0.175885686931006
MA1534.1	Nr1i3	ENSG00000143257	0.175401466473481	-0.121661367722883	0.175401466473481
MA0164.1	Nr2e3	ENSG00000278570	0.163224990992695	-0.130635345099881	0.163224990992695
MA0834.1	Atf7	ENSG00000267281	0.159195595088838	-0.133604981735806	0.159195595088838
MA0885.1	Dlx2	ENSG00000115844	0.152404912739202	-0.138609667194761	0.152404912739202
MA0699.1	Lbx2	ENSG00000179528	0.148640306682746	-0.1413841555627	0.148640306682746
MA0628.1	Pou6f1	ENSG00000184271	0.145221444513019	-0.143903833101132	0.145221444513019
MA1549.1	Pou6f1	ENSG00000184271	0.145221444513019	-0.143903833101132	0.145221444513019
MA1478.1	Dmrta2	ENSG00000142700	0.144345948848537	-0.144549067290542	0.144345948848537
MA0660.1	Mef2b	ENSG00000213999	0.141487316020191	-0.146655859717563	0.141487316020191
MA1569.1	Tfap2e	ENSG00000116819	0.139581919324414	-0.148060123773208	0.139581919324414
MA0057.1	Mzf1	ENSG00000099326	0.127088226114696	-0.157267888400672	0.127088226114696
MA0056.2	Mzf1	ENSG00000099326	0.127088226114696	-0.157267888400672	0.127088226114696
MA0119.1	Tlx1	ENSG00000107807	0.115542295554737	-0.165777158575358	0.115542295554737
MA0771.1	Hsf4	ENSG00000102878	0.106028939952017	-0.172788435204039	0.106028939952017
MA0664.1	Mlxipl	ENSG00000009950	0.0566961806758881	-0.209146334202598	0.0566961806758881
MA0479.1	Foxh1	ENSG00000160973	0	-0.250931023339487	0
